word,definition,wrong_count,phonetic,frequency_tier
a (an),art. 一（个、件……）,0,"[ə, eɪ(ən)]",🟢 高频核心词汇
abandon,v.抛弃，舍弃，放弃,0,[əˈbændən],🟢 高频核心词汇
ability,n. 能力；才能,0,[əˈbɪlɪtɪ],🟢 高频核心词汇
able,a. 能够；有能力的,0,[ˈeɪb(ə)l],🟢 高频核心词汇
abnormal,a. 反常的，变态的,0,[æbˈnɔːm(ə)l],🟢 高频核心词汇
aboard,prep. 上（船，飞机，火车，汽车等）,0,[əˈbɔːd],🟢 高频核心词汇
abolish,v. 废除，废止,0,[əˈbɔlɪʃ],🟢 高频核心词汇
abortion,v. 人工流产，堕胎,0,[əˈbɔːʃ(ə)n],🟢 高频核心词汇
about,ad. 大约；到处；四处 prep. 关于；在各处；四处,0,[əˈbaʊt],🟢 高频核心词汇
above,prep. 在……上面 a. 上面的 ad. 在……之上,0,[əˈbʌv],🟢 高频核心词汇
abroad,ad. 到（在）国外,0,[əˈbrɔːd],🟢 高频核心词汇
abrupt,a. 突然的，意外的，粗鲁,0,[əˈbrʌpt],🟢 高频核心词汇
absence,n. 不在，缺席,0,[ˈæbsəns],🟢 高频核心词汇
absent,a. 缺席， 不在,0,[ˈæbsənt],🟢 高频核心词汇
absolute,a. 完全，全部，绝对的,0,[ˈæbsəluːt],🟢 高频核心词汇
absorb,v. 吸收，使全神贯注,0,[əbˈsɔːb],🟢 高频核心词汇
abstract,a./ n. 抽象的（作品）,0,[ˈæbstrækt],🟢 高频核心词汇
absurd,a.荒谬的，怪诞不经的,0,[əbˈsɜːd],🟢 高频核心词汇
abundant,"a.大量,丰盛的,充裕的",0,[əˈbʌndənt],🟢 高频核心词汇
abuse,"v.（酗酒）滥用,虐待,恶语",0,[əˈbjuːz],🟢 高频核心词汇
academic,a. / n. 学术的，教学的,0,[ækəˈdemɪk],🟢 高频核心词汇
academy,"n.专科学院,（美）私立学校",0,[əˈkædəmɪ],🟢 高频核心词汇
accelerate,v.（使）加速，加快,0,[əkˈseləreɪt],🟢 高频核心词汇
accent,n. 口音，音调,0,[ˈæksənt],🟢 高频核心词汇
accept,vt. 接受,0,[əkˈsept],🟢 高频核心词汇
access,n. / v. 通道，入径，存取（计算机文件）,0,[ˈækses],🟢 高频核心词汇
accessible,a. 可到达的，可接受的，易相处的）,0,[əkˈsesɪb(ə)l],🟢 高频核心词汇
accident,n. 事故，意外的事,0,[ˈæksɪdənt],🟢 高频核心词汇
accommodation,n.住宿，膳宿,0,[əkɔməˈdeɪʃ(ə)n],🟢 高频核心词汇
accompany,v. 陪同，陪伴，与…同时发生,0,[əˈkʌmpənɪ],🟢 高频核心词汇
accomplish,v. 完成,0,[əˈkʌmplɪʃ],🟢 高频核心词汇
according to,ad. 按照，根据,0,[əˈkɔːdɪŋ tʊ],🟢 高频核心词汇
account,n. 账目;描述,0,[əˈkaʊnt],🟢 高频核心词汇
accountant,n. 会计，会计师,0,[əˈkaʊnt(ə)nt],🟢 高频核心词汇
accumulate,v. 积累，积聚,0,[əˈkjuːmjʊleɪt],🟢 高频核心词汇
accuracy,n. 准确，精确,0,[ˈækjʊrəsɪ],🟢 高频核心词汇
accuse,"v. 正确无误的,精确的",0,[əˈkjuːz],🟢 高频核心词汇
accustomed,"a. 习惯于,惯常的",0,[əˈkʌstəmd],🟢 高频核心词汇
ache,vi.& n. 痛，疼痛,0,[eɪk],🟢 高频核心词汇
achieve,vt. 达到，取得,0,[əˈtʃiːv],🟢 高频核心词汇
achievement,"n. 成就,成绩,功绩",0,[əˈtʃiːvmənt],🟢 高频核心词汇
acid,a. 酸的,0,[ˈæsɪd],🟢 高频核心词汇
acknowledge,v. 承认,0,[əkˈnɔlɪdʒ],🟢 高频核心词汇
acquaintance,n. 熟人，（与某人）认识,0,[əˈkweɪntəns],🟢 高频核心词汇
acquire,v. 获得，得到,0,[əˈkwaɪə(r)],🟢 高频核心词汇
acquisition,n. 获得，得到,0,[ækwɪˈzɪʃ(ə)n],🟢 高频核心词汇
acre,n. 英亩,0,[ˈeɪkə(r)],🟢 高频核心词汇
across,prep. 横过，穿过,0,[əˈkrɔs],🟢 高频核心词汇
act,n. 法令，条例 v. （戏）表演，扮演（角色），演出（戏）；行动，做事,0,[ækt],🟢 高频核心词汇
action,n. 行动,0,[ˈækʃ(ə)n],🟢 高频核心词汇
active,a. 积极的，主动的,0,[ˈæktɪv],🟢 高频核心词汇
activity,n. 活动,0,[ækˈtɪvɪtɪ],🟢 高频核心词汇
actor,n. 男演员,0,[ˈæktə(r)],🟢 高频核心词汇
actress,n. 女演员,0,[ˈæktrɪs],🟢 高频核心词汇
actual,a. 实际的； 现实的,0,[ˈæktʃʊəl],🟢 高频核心词汇
acut,"a.十分严重的,（病）急性的",0,[],🟢 高频核心词汇
AD,n. 公元,0,[],🟢 高频核心词汇
ad,(缩) =advertisement n.广告,0,[æd],🟢 高频核心词汇
adapt,v. 使适应，适合，改编,0,[əˈdæpt],🟢 高频核心词汇
adaptation,n. 适应，改编本,0,[ədæpˈteɪʃ(ə)n],🟢 高频核心词汇
add,vt.添加，增加,0,[æd],🟢 高频核心词汇
addicted,a. 上瘾，成瘾，入迷,0,[əˈdɪktɪd],🟢 高频核心词汇
addition,n.增加;（算数用语）加,0,[əˈdɪʃ(ə)n],🟢 高频核心词汇
address,n. 地址,0,[əˈdres],🟢 高频核心词汇
adequate,a. 合适的，合乎需要的,0,[ˈædɪkwət],🟢 高频核心词汇
adjust,"v.调整,调节,适应,习惯",0,[əˈdʒʌst],🟢 高频核心词汇
adjustment,n. 调整，适应,0,[əˈdʒʌstmənt],🟢 高频核心词汇
administration,"n.管理,行政部门",0,[ədmɪnɪˈstreɪʃ(ə)n],🟢 高频核心词汇
admirable,"a.值得赞赏的,可钦佩的",0,[ˈædmərəb(ə)l],🟢 高频核心词汇
admire,v. 钦佩；羡慕,0,[ədˈmaɪə(r)],🟢 高频核心词汇
admission,"n. 准入, 接纳",0,[ədˈmɪʃ(ə)n],🟢 高频核心词汇
admit,vt. 承认，准许（入场，入学，入会）,0,[ədˈmɪt],🟢 高频核心词汇
adolescence,n. 青春，青春期,0,[ædəʊˈlesns],🟢 高频核心词汇
adolescent,n. 青少年,0,[ædəˈlesənt],🟢 高频核心词汇
adopt,v. 收养，领养,0,[əˈdɔpt],🟢 高频核心词汇
adore,v. （不用于进行时）热爱，爱慕某人,0,[əˈdɔː(r)],🟢 高频核心词汇
adult,n. 成年人,0,[ˈædʌlt],🟢 高频核心词汇
advance,v. 推进，促进；前进,0,[ədˈvɑːns; (US) ədˈvæns],🟢 高频核心词汇
advantage,n. 优点； 好处,0,[ədˈvɑːntɪdʒ],🟢 高频核心词汇
adventure,n. 冒险； 奇遇,0,[ədˈventʃə(r)],🟢 高频核心词汇
advertise,vt. 为……做广告,0,[ˈædvətaɪz],🟢 高频核心词汇
advertisement,n. 广告,0,[ədˈvɜːtɪsmənt],🟢 高频核心词汇
advice,n. 忠告，劝告，建议,0,[ədˈvaɪs],🟢 高频核心词汇
advise,vt. 忠告，劝告，建议,0,[ədˈvaɪz],🟢 高频核心词汇
advocate,v. 拥护，支持，提倡,0,[ˈædvəkət],🟢 高频核心词汇
aeroplane,n. (英)飞机,0,"[`erə,pleɪn]",🟢 高频核心词汇
affair,n. 事，事情,0,[əˈfeə(r)],🟢 高频核心词汇
affect,vt. 影响,0,[əˈfekt],🟢 高频核心词汇
affection,n. 喜爱，钟爱,0,[əˈfekʃ(ə)n],🟢 高频核心词汇
afford,vt. 负担得起（……的费用）；抽得出（时间）；提供,0,[əˈfɔːd],🟢 高频核心词汇
afraid,a. 害怕的；担心,0,[əˈfreɪd],🟢 高频核心词汇
Africa,* n. 非洲,0,[ˈæfrɪkə],🟢 高频核心词汇
African,a. 非洲的，非洲人的 n. 非洲人,0,[ˈæfrɪkən],🟢 高频核心词汇
afte,r ad. 在后；后来prep. 在…之后；在 后面 conj. 在…以后,0,[ˈɑːftə(r)],🟢 高频核心词汇
afternoon,n. 下午，午后,0,[ɑːftəˈnuːn],🟢 高频核心词汇
afterward(s),ad. 后来,0,[ˈɑːftəwəd(z)],🟢 高频核心词汇
again,ad. 再一次；再，又,0,[əˈɡeɪn],🟢 高频核心词汇
against,prep. 对着，反对,0,[əˈɡeɪnst],🟢 高频核心词汇
age,n. 年龄；时代,0,[eɪdʒ],🟢 高频核心词汇
agency,n. 代理机构,0,[ˈeɪdʒənsɪ],🟢 高频核心词汇
agenda,n. （会议）议程表，议事日程,0,[əˈdʒendə],🟢 高频核心词汇
agent,n. 代理人，经济人,0,[ˈeɪdʒənt],🟢 高频核心词汇
aggression,n. 侵略,0,[ˈəɡreʃ(ə)n],🟢 高频核心词汇
aggressive,a. 侵略的；咄咄逼人,0,[ˈəɡresɪv],🟢 高频核心词汇
ago,ad. 以前,0,[əˈɡəʊ],🟢 高频核心词汇
agree,v. 同意；应允,0,[əˈɡriː],🟢 高频核心词汇
agreement,n. 同意，一致；协定，协议,0,[əˈɡriːmənt],🟢 高频核心词汇
agricultural,a. 农业的,0,[æɡrɪˈkʌltʃər(ə)l],🟢 高频核心词汇
agriculture,n. 农业，农学,0,[ˈæɡrɪkʌltʃə(r)],🟢 高频核心词汇
ahead,ad. 在前，向前,0,[əˈhed],🟢 高频核心词汇
aid,n. 援助；救护；辅助器具,0,[eɪd],🟢 高频核心词汇
AIDS,n. 艾滋病,0,[eɪdz],🟢 高频核心词汇
aim,n.目的；目标 v. 计划，打算；瞄准；针对,0,[eɪm],🟢 高频核心词汇
air,n. 空气；大气,0,[eə(r)],🟢 高频核心词汇
aircraft,n. 飞机 (单复数同),0,[ˈeəkrɑːft],🟢 高频核心词汇
airline,n. 航空公司；航空系统,0,[],🟢 高频核心词汇
airmail,n. 航空邮件,0,[ˈeəmeɪl],🟢 高频核心词汇
airplane,n. （美）飞机,0,[ˈeəpleɪn],🟢 高频核心词汇
airport,n. 航空站，飞机场,0,[ˈeəpɔːt],🟢 高频核心词汇
airspace,"n.领空,（某国的）空域",0,[ˈeəspeɪs],🟢 高频核心词汇
alarm,n. 警报,0,[əˈlɑːm],🟢 高频核心词汇
album,n. 相册，影集，集邮簿,0,[ˈælbəm],🟢 高频核心词汇
alcohol,n. 含酒精饮料，酒,0,[ˈælkəhɔl],🟢 高频核心词汇
alcoholic,a. / n. 含酒精的，酒鬼,0,[ælkəˈhɔlɪk],🟢 高频核心词汇
algebra,n. 代数,0,[ˈældʒɪbrə],🟢 高频核心词汇
alike,ad. 很相似地，同样地,0,[əˈlaɪk],🟢 高频核心词汇
alive,a. 活着的，存在的,0,[əˈlaɪv],🟢 高频核心词汇
all,ad. 全部地 a. 全（部）;所有的;总;整 pron.全部;全体人员,0,[ɔːl],🟢 高频核心词汇
allergic,a. 过敏的，厌恶,0,[əˈlɜːdʒɪk],🟢 高频核心词汇
alley,n. 小巷，胡同,0,[ˈælɪ],🟢 高频核心词汇
allocate,"v. 拨给,划归,分配…给",0,[ˈæləkeɪt],🟢 高频核心词汇
allow,vt. 允许，准许,0,[əˈlaʊ],🟢 高频核心词汇
allowance,n. 津贴，补助,0,[əˈlaʊəns],🟢 高频核心词汇
almost,ad. 几乎，差不多,0,[ˈɔːlməʊst],🟢 高频核心词汇
alone,a. 单独的，孤独的,0,[əˈləʊn],🟢 高频核心词汇
along,ad. 向前；和…一起；一同 prep. 沿着；顺着,0,[əˈlɔŋ; (US) əˈlɔŋ],🟢 高频核心词汇
alongside,"ad.在…旁边,与…同时",0,[əlɔŋˈsaɪd; (US) əlɔːŋˈsaɪd],🟢 高频核心词汇
aloud,ad. 大声地,0,[əˈlaʊd],🟢 高频核心词汇
alphabet,n. 字母表，字母,0,[ˈælfəbet],🟢 高频核心词汇
already,ad. 已经,0,[ɔːlˈredɪ],🟢 高频核心词汇
also,ad. 也,0,[ˈɔːlsəʊ],🟢 高频核心词汇
alternative,"a.可供替代,非传统的",0,[ɔːlˈtɜːnətɪv],🟢 高频核心词汇
although,conj. 虽然，尽管,0,[ɔːlˈðəʊ],🟢 高频核心词汇
altitude,n. 海拔高度,0,[ˈæltɪtjuːd; (US) ælˈtɪtuːd],🟢 高频核心词汇
altogether,ad. 总共,0,[ɔːltəˈɡeðə(r)],🟢 高频核心词汇
aluminium,n. （化）铝,0,[æljʊˈmɪnɪəm],🟢 高频核心词汇
always,ad. 总是；一直；永远,0,[ˈɔːlweɪz],🟢 高频核心词汇
am,v. be的人称形式之一 ,0,[æm],🟢 高频核心词汇
ａ.m./A.M.,n. 午前，上午,0,[],🟢 高频核心词汇
amateur,a. 业余爱好的,0,[ˈæmətə(r)],🟢 高频核心词汇
amaze,v. 惊奇，惊叹；震惊,0,[əˈmeɪz],🟢 高频核心词汇
amazing,"a.惊奇,惊叹的;震惊的",0,[əˈmeɪzɪŋ],🟢 高频核心词汇
ambassador (ambassadress),n.大使,0,[æmˈbæsədə(r)],🟢 高频核心词汇
ambiguous,a. 模棱两可的,0,[æmˈbɪɡjʊəs],🟢 高频核心词汇
ambition,"n.目标,野心,雄心,抱负",0,[æmˈbɪʃ(ə)n],🟢 高频核心词汇
ambulance,n. 救护车,0,[ˈæmbjʊləns],🟢 高频核心词汇
America,* n. 美国；美洲,0,[əˈmerɪkə],🟢 高频核心词汇
American,a. 美国的；美国人的n. 美国人,0,[əˈmerɪkən],🟢 高频核心词汇
among,prep. 在…中间；在（三个以上）之间,0,[əˈmʌŋ],🟢 高频核心词汇
amount,n. / v. 金额，数量，总计,0,[əˈmaʊnt],🟢 高频核心词汇
ample,a. 足够的，丰裕的,0,[ˈæmp(ə)l],🟢 高频核心词汇
amuse,vt. （使人）快乐，逗乐,0,[əˈmjuːz],🟢 高频核心词汇
amusement,n. 娱乐,0,[əˈmjuːzmənt],🟢 高频核心词汇
analyze,v. 分析,0,"[`ænl,aɪz]",🟢 高频核心词汇
analysis,n. 分析，分析结果,0,[əˈnæləsɪs],🟢 高频核心词汇
ancestor,n. 祖宗； 祖先,0,[ˈænsəstə(r)],🟢 高频核心词汇
anchor,v. / n. 锚，抛锚,0,[],🟢 高频核心词汇
ancient,a. 古代的，古老的,0,[ˈeɪnʃənt],🟢 高频核心词汇
and,conj. 和；又；而,0,"[ənd, ænd]",🟢 高频核心词汇
anecdote,n. 逸事，趣闻,0,[ˈænɪkdəʊt],🟢 高频核心词汇
anger,n. 怒，愤怒,0,[ˈæŋɡə(r)],🟢 高频核心词汇
angle,n. 角度,0,[ˈæŋɡ(ə)l],🟢 高频核心词汇
angry,a. 生气的，愤怒的,0,[ˈænɡrɪ],🟢 高频核心词汇
animal,n. 动物,0,[ˈænɪm(ə)l],🟢 高频核心词汇
ankle,n. 踝，踝关节,0,[ˈæŋk(ə)l],🟢 高频核心词汇
anniversary,n. 周年纪念日,0,[ænɪˈvɜːsərɪ],🟢 高频核心词汇
announce,vt. 宣布，宣告,0,[əˈnaʊns],🟢 高频核心词汇
announcement,n. 通告，通知,0,[əˈnaʊnsmənt],🟢 高频核心词汇
annoy,vt. （使）烦恼,0,[əˈnɔɪ],🟢 高频核心词汇
annual,a. 每年的，年度的，一年一次的,0,[ˈænjʊəl],🟢 高频核心词汇
another,a. 再一；另一；别的；不同的 pron. 另一个,0,[əˈnʌðə(r)],🟢 高频核心词汇
answer,"n.回答,答复;回信;答案 v.回答,答复;回信;（作出）答案",0,[ˈɑːnsə(r); (US) ˈænsər],🟢 高频核心词汇
ant,n. 蚂蚁,0,[ænt],🟢 高频核心词汇
Antarctic,a. 南极的,0,[ænˈtɑːktɪk],🟢 高频核心词汇
the Antarctic,南极,0,[ænˈtɑːktɪk],🟢 高频核心词汇
Antarctica,* n. 南极洲,0,[ænˈtɑ:ktikə],🟢 高频核心词汇
antique,n. 古董,0,[ænˈtiːk],🟢 高频核心词汇
anxiety,n. 担忧，焦虑,0,[æŋˈzaɪətɪ],🟢 高频核心词汇
anxious,a. 忧虑的，焦急的,0,[ˈæŋkʃəs],🟢 高频核心词汇
any,pron. （无论）哪一个；哪些 任何的；（用于疑问句、否定句）一些；什么,0,[ˈenɪ],🟢 高频核心词汇
anybody,pron. 任何人，无论谁,0,[ˈenɪbɔdɪ],🟢 高频核心词汇
anyhow,ad. 不管怎样,0,[ˈenɪhaʊ],🟢 高频核心词汇
anyone,pron. 任何人，无论谁,0,[ˈenɪwʌn],🟢 高频核心词汇
anything,pron. 什么事（物）；任何事（物）,0,[ˈenɪθɪŋ],🟢 高频核心词汇
anyway,y ad. 不管怎样,0,[ˈenɪweɪ],🟢 高频核心词汇
anywhere,ad. 任何地方,0,[ˈenɪweə(r)],🟢 高频核心词汇
apart,"ad, / a. 相隔，相距，除外",0,[əˈpɑːt],🟢 高频核心词汇
apartment,n. （美）楼中单元房，一套房间；房间,0,[əˈpɑːtmənt],🟢 高频核心词汇
apologize,vi. 道歉，谢罪,0,[əˈpɔlədʒaɪz],🟢 高频核心词汇
apology,n. 道歉；歉意,0,[əˈpɔlədʒɪ],🟢 高频核心词汇
apparent,a. 显而易见,0,[əˈpærənt],🟢 高频核心词汇
appeal,v. 上诉，申诉，吸引力,0,[əˈpiːl],🟢 高频核心词汇
appear,vi. 出现,0,[əˈpɪə(r)],🟢 高频核心词汇
appearance,n. 出现，露面；容貌,0,[əˈpɪərəns],🟢 高频核心词汇
appendix,n. 附录，阑尾,0,[əˈpendɪks],🟢 高频核心词汇
appetite,n. 食欲，胃口,0,[ˈæpɪtaɪt],🟢 高频核心词汇
applaud,"v. / n. 鼓掌,赞许,赞赏",0,[əˈplɔːd],🟢 高频核心词汇
apple,n. 苹果,0,[ˈæp(ə)l],🟢 高频核心词汇
applicant,n. 申请人,0,[ˈæplɪkənt],🟢 高频核心词汇
application,n. 申请,0,[æplɪˈkeɪʃ(ə)n],🟢 高频核心词汇
apply,v. 申请,0,[əˈplaɪ],🟢 高频核心词汇
appoint,v. 任命，委任，安排，确定（时间，地点）,0,[əˈpɔɪnt],🟢 高频核心词汇
appointment,n. 约会,0,[əˈpɔɪntmənt],🟢 高频核心词汇
appreciate,v. 欣赏； 感激,0,[əˈpriːʃɪeɪt],🟢 高频核心词汇
appreciation,"n. 欣赏,鉴定,评估",0,[əpriːʃɪˈeɪʃ(ə)n],🟢 高频核心词汇
approach,n. / v. 靠近，接近，建议，要求,0,[əˈprəʊtʃ],🟢 高频核心词汇
appropriate,a. 合适的，恰当的,0,[əˈprəʊprɪət],🟢 高频核心词汇
approve,"v.赞成,同意,批准,通过",0,[əˈpruːv],🟢 高频核心词汇
approximately,ad.近似，大约,0,[əprɔksɪˈmətlɪ],🟢 高频核心词汇
apron,n. （机场的）停机坪,0,[ˈeɪprən],🟢 高频核心词汇
arbitrary,a. 随心所欲的，独裁的，专断的,0,[ˈɑːbɪtrərɪ; (US) ˈɑːrbɪtrerɪ],🟢 高频核心词汇
arch,n. 拱，拱门,0,[ɑːtʃ],🟢 高频核心词汇
architect,n. 建筑师，设计师,0,[ˈɑːkɪtekt],🟢 高频核心词汇
architecture,n.建筑学，建筑设计，风格,0,[ˈɑːkɪtektʃə(r)],🟢 高频核心词汇
April,n. 4月,0,[ˈeɪpr(ə)l],🟢 高频核心词汇
Arab,* a. 阿拉伯的 n. 阿拉伯人,0,[ˈærəb],🟢 高频核心词汇
Arabic,a. 阿拉伯语的 n. 阿拉伯语,0,[ˈærəbɪk],🟢 高频核心词汇
Arctic,a. 北极的,0,[ˈɑːktɪk],🟢 高频核心词汇
the Arctic,北极,0,[ˈɑːktɪk],🟢 高频核心词汇
the Arctic Ocean,北冰洋,0,[ˈɑːktɪk ˈəʊʃ(ə)n],🟢 高频核心词汇
are,v.(be) 是,0,[ɑː(r)],🟢 高频核心词汇
area,n. 面积；地域，地方，区域；范围，领域,0,[ˈeərɪə],🟢 高频核心词汇
argue,vi. 争辩， 争论,0,[ˈɑːɡjuː],🟢 高频核心词汇
argument,n. 争论，辩论,0,[ˈɑːɡjʊmənt],🟢 高频核心词汇
"arise (arose, arisen)",vi. 起来，升起；出现,0,[əˈraɪz],🟢 高频核心词汇
arithmetic,n. 算术,0,[əˈrɪθmətɪk],🟢 高频核心词汇
arm,"n. 臂,支架 v. 以…装备,武装起来n. （美）武器,武力",0,[ɑːm],🟢 高频核心词汇
armchair,n. 扶手椅,0,[ɑːmˈtʃeə(r)],🟢 高频核心词汇
army,n. 军队,0,[ˈɑːmɪ],🟢 高频核心词汇
around,ad. 在周围；在附近prep. 在……周围；大约,0,[əˈraʊnd],🟢 高频核心词汇
arrange,v. 安排，布置,0,[əˈreɪndʒ],🟢 高频核心词汇
arrangement,n. 安排，布置,0,[əˈreɪndʒmənt],🟢 高频核心词汇
arrest,v. 逮捕，拘留,0,[əˈrest],🟢 高频核心词汇
arrival,n. 到来，到达,0,[əˈraɪv(ə)l],🟢 高频核心词汇
arrive,vi. 到达；达到,0,[əˈraɪv],🟢 高频核心词汇
arrow,n. 箭；箭头,0,[ˈærəʊ],🟢 高频核心词汇
art,n. 艺术，美术；技艺,0,[ɑːt],🟢 高频核心词汇
article,"n.文章;东西,物品;冠词",0,[ˈɑːtɪk(ə)l],🟢 高频核心词汇
artificial,a. 人工的，人造的,0,[ɑːtɪˈfɪʃ(ə)l],🟢 高频核心词汇
artist,n.艺术家,0,[ˈɑːtɪst],🟢 高频核心词汇
as,ad.& conj.像……一样；如同；因为 prep. 作为，当做,0,"[əz, æz]",🟢 高频核心词汇
ash,n. 灰； 灰末,0,[æʃ],🟢 高频核心词汇
ashamed,a. 惭愧； 害臊,0,[əˈʃeɪmd],🟢 高频核心词汇
Asia,* n. 亚洲,0,[ˈeɪʃə],🟢 高频核心词汇
Asian,a. 亚洲（人）的n. 亚洲人,0,"[ˈeɪʃ(ə)n, ˈeɪʒ(ə)n]",🟢 高频核心词汇
aside,ad. 在旁边,0,[əˈsaɪd],🟢 高频核心词汇
ask,v. 问；请求，要求；邀请,0,[ɑːsk],🟢 高频核心词汇
asleep,a. 睡着的，熟睡,0,[əˈsliːp],🟢 高频核心词汇
aspect,n. 方面，外观，外表,0,[ˈæspekt],🟢 高频核心词汇
assess,"v.评价,评定（性质,质量）",0,[əˈses],🟢 高频核心词汇
assessment,n. 看法，评价,0,[əˈsesmənt],🟢 高频核心词汇
assist,v. 帮助，协助,0,[əˈsɪst],🟢 高频核心词汇
assistance,n. 帮助，援助，支持,0,[əˈsɪst(ə)ns],🟢 高频核心词汇
assistant,n. 助手，助理,0,[əˈsɪst(ə)nt],🟢 高频核心词汇
associate,v. 联想，联系,0,[əˈsəʊʃɪeɪt],🟢 高频核心词汇
association,n. 协会，社团，联系,0,[əsəʊsɪˈeɪʃ(ə)n],🟢 高频核心词汇
assume,v. 假定，假设,0,[əˈsjuːm; (US) əˈsuːm],🟢 高频核心词汇
assumption,n. 假定，假设,0,[əˈsʌmpʃ(ə)n],🟢 高频核心词汇
astonish,vt. 使惊讶,0,[əˈstɔnɪʃ],🟢 高频核心词汇
astronaut,n. 宇航员,0,[ˈæstrənɔːt],🟢 高频核心词汇
astronomer,n. 天文学家,0,[əˈstrɔnəmə(r)],🟢 高频核心词汇
astronomy,n. 天文学,0,[əˈstrɔnəmɪ],🟢 高频核心词汇
at,prep.在（几点钟）;在（某处）,0,[æt],🟢 高频核心词汇
athlete,n. 运动员,0,[ˈæθliːt],🟢 高频核心词汇
athletic,"a. 健壮的,体育运动的",0,[æθˈletɪk],🟢 高频核心词汇
athletics,n. 田径,0,[æθˈletɪks],🟢 高频核心词汇
Atlantic,a. 大西洋的,0,[ətˈlæntɪk],🟢 高频核心词汇
the Atlantic Ocean,大西洋,0,[ətˈlæntɪk ˈəʊʃ(ə)n],🟢 高频核心词汇
atmosphere,n. 大气；气氛,0,[ˈætməsfɪə(r)],🟢 高频核心词汇
atom,n. 原子，微粒,0,[ˈætəm],🟢 高频核心词汇
attach,v. 把…固定，重视,0,[əˈtætʃ],🟢 高频核心词汇
attack,vt. / n. 攻击，袭击,0,[əˈtæk],🟢 高频核心词汇
attain,"v.（经过努力）获得,得到",0,[əˈteɪn],🟢 高频核心词汇
attempt,vt. 试图，尝试,0,[əˈtempt],🟢 高频核心词汇
attend,v. 看护，照料，服侍；出席，参加,0,[əˈtend],🟢 高频核心词汇
attention,n. 注意，关心,0,[əˈtenʃ(ə)n],🟢 高频核心词汇
attentively,ad. 注意地,0,[əˈtentivli],🟢 高频核心词汇
attitude,n. 态度，看法,0,[ˈætɪtjuːd; (US) ˈætɪtud],🟢 高频核心词汇
attract,v. 吸引，引起,0,[əˈtrækt],🟢 高频核心词汇
attraction,n. 吸引，爱慕,0,[əˈtrækʃ(ə)n],🟢 高频核心词汇
attractive,a. 迷人的，有吸引力的,0,[əˈtræktɪv],🟢 高频核心词汇
audience,n. 观众，听众,0,[ˈɔːdɪəns],🟢 高频核心词汇
authentic,a. 真正的，真品的,0,[ɜːˈθentɪk],🟢 高频核心词汇
author,n. 作者，作家,0,[ˈɔːθə(r)],🟢 高频核心词汇
authority,"n.权力,权威,威信,官方",0,[ɔːˈθɔrɪtɪ],🟢 高频核心词汇
automatic,a. 自动的，机械的,0,[ɔːtəˈmætɪk],🟢 高频核心词汇
autonomous,a. 自治的，自主的,0,[ɔːˈtɔnəməs],🟢 高频核心词汇
August,n. 8月,0,[ˈɔːɡəst],🟢 高频核心词汇
aunt,n. 伯母；舅母；婶；姑；姨,0,[ɑːnt; (US) ænt],🟢 高频核心词汇
Australia,* n. 澳洲；澳大利亚,0,[ɔˈstreɪljə],🟢 高频核心词汇
Australian,a. 澳洲的，澳大利亚人的 n. 澳大利亚人,0,[ɔˈstreɪlɪən],🟢 高频核心词汇
autumn,n. 秋天，秋季,0,[ˈɔːtəm],🟢 高频核心词汇
available,a. 可获得的，有空的,0,[ˈɔːtəm],🟢 高频核心词汇
avenue,n. 大道,0,[ˈævənjuːˈævənuː],🟢 高频核心词汇
average,a.平均；普通的 n.平均数,0,[ˈævərɪdʒ],🟢 高频核心词汇
avoid,v. 避免，躲开，逃避,0,[əˈvɔɪd],🟢 高频核心词汇
"awake (awoke, awoken)",v. 唤醒 a. 醒着的,0,[əˈweɪk],🟢 高频核心词汇
award,n. 奖品，奖励,0,[wɔːd],🟢 高频核心词汇
aware,a. 知道，意识到，发觉,0,[əˈweə(r)],🟢 高频核心词汇
away,ad. 离开；远离,0,[əˈweɪ],🟢 高频核心词汇
awesome,"a.令人惊叹,很困难的",0,[ˈɔːsəm],🟢 高频核心词汇
awful,a. 很坏的，极讨厌的,0,[ˈɔːfʊl],🟢 高频核心词汇
awkward,"a.令人尴尬,使人难堪的",0,[ˈɔːkwəd],🟢 高频核心词汇
Baby,n. 婴儿,0,[ˈbeɪbɪ],🟢 高频核心词汇
bachelor,n. 未婚男子，单身汉,0,[ˈbætʃələ(r)],🟢 高频核心词汇
back,ad. 回（原处）；向后 a. 后面的 n. 背后，后部；背,0,[bæk],🟢 高频核心词汇
backache,n. 背痛,0,[ˈbækeɪk],🟢 高频核心词汇
background,n. 背景,0,[ˈbækɡraʊnd],🟢 高频核心词汇
backward(s),ad. 向后,0,[ˈbækwəd],🟢 高频核心词汇
bacon,n. 咸猪肉；熏猪肉 ,0,[ˈbeɪkən],🟢 高频核心词汇
bacterium,(复bacteria) n. 细菌,0,[bækˈtɪərɪəm],🟢 高频核心词汇
"bad (worse, worst)",a. 坏的；有害的，不利的；严重的,0,[bæd],🟢 高频核心词汇
badly,ad. 坏，恶劣地,0,[ˈbædlɪ],🟢 高频核心词汇
badminton,n. 羽毛球,0,[ˈbædmɪntən],🟢 高频核心词汇
bag,n. 书包；提包；袋子,0,[bæɡ],🟢 高频核心词汇
baggage,n. 行李,0,[ˈbæɡɪdʒ],🟢 高频核心词汇
bake,v. 烤； 烘（面包）,0,[beɪk],🟢 高频核心词汇
bakery,n. 面包店,0,[ˈbeɪkərɪ],🟢 高频核心词汇
balance,n. 平衡,0,[ˈbæləns],🟢 高频核心词汇
balcony,n. 阳台；楼座,0,[ˈbælkənɪ],🟢 高频核心词汇
ball,n. 球 n. 舞会,0,[bɔːl],🟢 高频核心词汇
ballet,n. 芭蕾舞,0,[ˈbæleɪ],🟢 高频核心词汇
balloon,n. 气球,0,[bəˈluːn],🟢 高频核心词汇
ballpoint = ballpoint pen,圆珠笔,0,"[`bɔl,pɔɪnt]",🟢 高频核心词汇
bamboo,n. 竹,0,[bæmˈbuː],🟢 高频核心词汇
ban,n. 禁令 v. 禁止；取缔,0,[bæn],🟢 高频核心词汇
banana,n. 香蕉,0,[bəˈnɑːnə; (US) bəˈnænə],🟢 高频核心词汇
band,n. 乐队,0,[bænd],🟢 高频核心词汇
bandage,n. 绷带,0,[ˈbændɪdʒ],🟢 高频核心词汇
bang,int. 砰,0,[bæŋ],🟢 高频核心词汇
bank,n. （河海湖的）岸，堤 n. 银行,0,[bæŋk],🟢 高频核心词汇
bank account,n. 银行账户,0,[bæŋk əˈkaʊnt],🟢 高频核心词汇
bar,n. 条（长方）块，棒，横木 n.（酒店的）买酒柜台；酒吧；（卖东西的）柜台,0,[bɑː(r)],🟢 高频核心词汇
barbecue,n. 烤肉野餐,0,[ˈbɑːbɪkjuː],🟢 高频核心词汇
barber,n. （为男人理发）理发师,0,[ˈbɑːbə(r)],🟢 高频核心词汇
barbershop,n. 理发店,0,"[`bɑrbər,ʃɑp]",🟢 高频核心词汇
bare,a. 裸露的，光秃秃的,0,[beə(r)],🟢 高频核心词汇
bargain,n. （经讨价还价后）成交的商品；廉价货 v. 讨价还价,0,[ˈbɑːɡɪn],🟢 高频核心词汇
bark,v. 狗叫 n. 狗叫声,0,[bɑːk],🟢 高频核心词汇
barrier,n. 屏障，障碍，关卡,0,[ˈbærɪə],🟢 高频核心词汇
base,n. 根据地，基地（棒球）垒,0,[beɪs],🟢 高频核心词汇
baseball,n. 棒球,0,[ˈbeɪsbɔːl],🟢 高频核心词汇
basement,n. 地下室,0,[ˈbeɪsmənt],🟢 高频核心词汇
basic,a. 基本的,0,[ˈbeɪsɪk],🟢 高频核心词汇
basin,n. 水盆，脸盆,0,[ˈbeɪs(ə)n],🟢 高频核心词汇
basis,n. 原因，缘由，要素,0,[ˈbeɪsɪs],🟢 高频核心词汇
basket,n. 篮子,0,[ˈbɑːskɪt; (US) ˈbæskɪt],🟢 高频核心词汇
basketball,n. 篮球,0,[ˈbɑːskɪtbɔːl],🟢 高频核心词汇
bat,n. （棒球、板球的）球棒 n. 蝙蝠,0,[bæt],🟢 高频核心词汇
bath,n. 洗澡；浴室；澡盆,0,[bɑːθ; (US) bæθ],🟢 高频核心词汇
bathe,vi. 洗澡；游泳,0,[beɪð],🟢 高频核心词汇
bathrobe,n. 浴衣,0,[ˈbɑːθrəʊb],🟢 高频核心词汇
bathroom,n. 浴室，盥洗室,0,[ˈbɑːθruːm],🟢 高频核心词汇
bathtub,n. 澡盆,0,[ˈbɑ:θtʌb],🟢 高频核心词汇
battery,n. 电池,0,[ˈbætərɪ],🟢 高频核心词汇
battle,n. 战斗；战役,0,[ˈbæt(ə)l],🟢 高频核心词汇
battleground,n. 战场,0,[ˈbæt(ə)lɡraʊnd],🟢 高频核心词汇
bay,n. 湾； 海湾,0,[beɪ],🟢 高频核心词汇
BC,n. 公元前,0,[ˌbiːˈsiː],🟢 高频核心词汇
be,"v. 是（原形）,其人称和时态形式有(am, is, are, was, were, being, been)；成为",0,[biː],🟢 高频核心词汇
beach,n. 海滨，海滩,0,[biːtʃ],🟢 高频核心词汇
beam,n. 平衡木,0,[biːm],🟢 高频核心词汇
bean,n. 豆，豆科植物,0,[biːn],🟢 高频核心词汇
beancurd,n. 豆腐,0,[ˈbi:nkə:d],🟢 高频核心词汇
bear,v. 承受，负担，承担；忍受；容忍 n. 熊,0,[beə(r)],🟢 高频核心词汇
beard,n. （下巴上的）胡须,0,[bɪəd],🟢 高频核心词汇
beast,n. 野兽；牲畜,0,[biːst],🟢 高频核心词汇
"beat (beat, beaten)",v. 敲打；跳动；打赢 n. （音乐）节拍,0,[biːt],🟢 高频核心词汇
beautiful,a. 美，美丽，美观的,0,[ˈbjuːtɪf(ə)l],🟢 高频核心词汇
beauty,n. 美丽，美人,0,[ˈbjuːtɪ],🟢 高频核心词汇
because,conj. 因为,0,[bɪˈkɔz; (US) bɪˈkɔːz],🟢 高频核心词汇
"become (became, be come)",v. 变得；成为,0,[bɪˈkʌm],🟢 高频核心词汇
bed,n. 床,0,[bed],🟢 高频核心词汇
bedclothes,n. 铺盖（被褥等）,0,[ˈbedkləʊðz],🟢 高频核心词汇
beddings,n. 卧具，铺盖,0,[ˈbedɪŋ],🟢 高频核心词汇
bedroom,n. 寝室，卧室,0,[ˈbedruːm],🟢 高频核心词汇
bee,n.. 蜜蜂,0,[biː],🟢 高频核心词汇
beef,n. 牛肉,0,[biːf],🟢 高频核心词汇
beehive,n. 蜂箱,0,[ˈbiːhaɪv],🟢 高频核心词汇
beer,n. 啤酒,0,[bɪə(r)],🟢 高频核心词汇
before,prep. 在…以前；在…前面 ad. 以前 conj. 在…之前,0,[bɪˈfɔː(r)],🟢 高频核心词汇
beg,v. 请求，乞求，乞讨 ,0,[beɡ],🟢 高频核心词汇
"begin(began,begun)"," v.开始,着手",0,[bɪˈɡɪn],🟢 高频核心词汇
beginning,n. 开始，开端,0,[bɪˈɡɪnɪŋ],🟢 高频核心词汇
behalf,n. 代表某人，为了某人,0,[bɪˈhɑːf],🟢 高频核心词汇
behave,v. 守规矩，行为,0,[bɪˈheɪv],🟢 高频核心词汇
behaviour,n. 行为，举止,0,[bɪ`heɪvjər],🟢 高频核心词汇
behind,prep. (表示位置)在…后面 ad. 在后面；向后,0,[bɪˈhaɪnd],🟢 高频核心词汇
being,n. 物；生物；人,0,[ˈbiːɪŋ],🟢 高频核心词汇
Belgium,* n. 比利时,0,[ˈbeldʒəm],🟢 高频核心词汇
belief,n. 信条，信念,0,[bɪˈliːf],🟢 高频核心词汇
believe,v. 相信，认为,0,[bɪˈliːv],🟢 高频核心词汇
bell,"n. 钟,铃;钟(铃)声;钟形物",0,[bel],🟢 高频核心词汇
belly,n. 肚子,0,[ˈbelɪ],🟢 高频核心词汇
belong,vi. 属，附属,0,[bɪˈlɔŋ],🟢 高频核心词汇
below,prep. 在……下面,0,[bɪˈləʊ],🟢 高频核心词汇
belt,n. （皮）带,0,[belt],🟢 高频核心词汇
bench,n. 长凳；工作台,0,[bentʃ],🟢 高频核心词汇
"bend (bent, bent)",vt. 使弯曲,0,[bend],🟢 高频核心词汇
beneath,prep. 在…下方（面）,0,[bɪˈniːθ],🟢 高频核心词汇
beneficial,a. 有利的，有帮助的，有用的,0,[benɪˈfɪʃ(ə)l],🟢 高频核心词汇
benefit,"n. / v.优势,益处,使…受益",0,[ˈbenɪfɪt],🟢 高频核心词汇
bent,a. 弯的,0,[bent],🟢 高频核心词汇
beside,prep. 在…旁边；靠近,0,[bɪˈsaɪd],🟢 高频核心词汇
besides,prep. 除…以外（还有） ad. 还有，此外,0,[bɪˈsaɪdz],🟢 高频核心词汇
"best（good, well 的最 高级）",a. & ad.最好的；最好地，最 n. 最好的（人或物）,0,[best],🟢 高频核心词汇
best--seller,n. 畅销书,0,[best- ˈselə(r)],🟢 高频核心词汇
"better (good, well 的 比较级)",a.& ad. 较好的，更好的；好些； 更好地；更，更多n. 较好的事物；较优者 v. 改善；胜过,0,[ˈbetə(r)],🟢 高频核心词汇
betray,"v.出卖,泄露（机密）,辜负",0,[bɪˈtreɪ],🟢 高频核心词汇
between,prep. 在（两者）之间；在…中间,0,[bɪˈtwiːn],🟢 高频核心词汇
beyond,prep. (表示位置) 在…的那边,0,[bɪˈjɔnd],🟢 高频核心词汇
bicycle,n. 自行车,0,[ˈbaɪsɪk(ə)l],🟢 高频核心词汇
bid,v./ n. 出价，投标，向（某人）道别,0,[bɪd],🟢 高频核心词汇
big,a. 大的,0,[bɪɡ],🟢 高频核心词汇
bike = bicycle,n. 自行车,0,[baɪk],🟢 高频核心词汇
bill,n.账单；法案，议案； （美）钞票，纸币,0,[bɪl],🟢 高频核心词汇
billion,num. 十亿，百亿,0,[ˈbɪlɪən],🟢 高频核心词汇
bingo,n. 宾戈游戏,0,[ˈbɪŋɡəʊ],🟢 高频核心词汇
biochemistry,n. 生物化学,0,[],🟢 高频核心词汇
biography,n. 传记,0,[baɪˈɔɡrəfɪ],🟢 高频核心词汇
biology,n. 生物（学）,0,[baɪˈɔlədʒɪ],🟢 高频核心词汇
bird,n. 鸟,0,[bɜːd],🟢 高频核心词汇
birdcage,n. 鸟笼,0,[ˈbɜːdkeɪdʒ],🟢 高频核心词汇
birth,n. 出生； 诞生,0,[bɜːθ],🟢 高频核心词汇
birthday,n. 生日,0,[ˈbɜːθdeɪ],🟢 高频核心词汇
birthplace,n. 出生地；故乡,0,[ˈbɜːθpleɪs],🟢 高频核心词汇
biscuit,n. 饼干,0,[ˈbɪskɪt],🟢 高频核心词汇
bishop,n. 主教,0,[ˈbɪʃəp],🟢 高频核心词汇
bit,n. 一点，一些，少量的,0,[bɪt],🟢 高频核心词汇
"bite (bit, bitten)",v. 咬；叮,0,[baɪt],🟢 高频核心词汇
bitter,a. 有苦味的；痛苦的，难过的；严酷的,0,[ˈbɪtə(r)],🟢 高频核心词汇
black,n. 黑色 a. 黑色的,0,[blæk],🟢 高频核心词汇
blackboard,n. 黑板,0,[ˈblækbɔːd],🟢 高频核心词汇
blame,n.& v. 责备；责怪,0,[bleɪm],🟢 高频核心词汇
blank,n.& a. 空格，空白（处）；空的；茫然无表情的,0,[blæŋk],🟢 高频核心词汇
blanket,n. 毛毯，毯子,0,[ˈblæŋkɪt],🟢 高频核心词汇
bleed,vi. 出血，流血,0,[bliːd],🟢 高频核心词汇
bless,vt. 保佑，降福,0,[bles],🟢 高频核心词汇
blind,a. 瞎的,0,[blaɪnd],🟢 高频核心词汇
block,n. 大块；（木、石等）块；街区；路障 vt. 阻塞；阻挡,0,[blɔk],🟢 高频核心词汇
blood,n. 血，血液,0,[blʌd],🟢 高频核心词汇
blouse,n. 宽罩衫；（妇女、儿童穿的）短上衣,1,[blaʊz; u.S. blaʊs],🟢 高频核心词汇
blow,n. 击；打击,0,[bləʊ],🟢 高频核心词汇
"blow (blew, blown)",v. 吹；刮风；吹气,0,[bləʊ],🟢 高频核心词汇
blue,n. 蓝色 a.蓝色的 a. 悲伤的；沮丧的,0,[bluː],🟢 高频核心词汇
board,n. 木板；布告牌；委员会；（政府的）部 v. 上（船、火车、飞机）,0,[bɔːd],🟢 高频核心词汇
boat,n. 小船，小舟,0,[bəʊt],🟢 高频核心词汇
boat--race,n. 划船比赛,0,[bəʊt-reɪs],🟢 高频核心词汇
boating,n. 划船（游玩），泛舟 body n. 身体,0,[ˈbəʊtɪŋ],🟢 高频核心词汇
body--building,n. 健美,0,[ˈbɔdɪ-ˈbɪldɪŋ],🟢 高频核心词汇
boil,v. 沸腾；烧开；煮……,0,[bɔɪl],🟢 高频核心词汇
bomb,n. 炸弹 v. 轰炸,0,[bɔm],🟢 高频核心词汇
bond,n. /v. 纽带，联系，使牢固,0,[bɔnd],🟢 高频核心词汇
bone,n. 骨头，骨质（复数bones骨骼；骨骸）,0,[bəʊn],🟢 高频核心词汇
bonus,n. 津贴，奖金，红利,0,[ˈbəʊnəs],🟢 高频核心词汇
book,n. 书；本子 v. 预定，定（房间、车票等）,0,[bʊk],🟢 高频核心词汇
bookcase,n. 书橱,0,[ˈbʊkkeɪs],🟢 高频核心词汇
bookmark,n. 书签,0,[ˈbʊkmɑːk],🟢 高频核心词汇
bookshelf,n. 书架,0,"[`bʊk,ʃelf]",🟢 高频核心词汇
bookshop,n. 书店,0,[ˈbʊkʃɔp],🟢 高频核心词汇
bookstore,n. 书店,0,[ˈbʊkstɔː(r)],🟢 高频核心词汇
boom,n. / v. 繁荣，轰鸣，激增,0,[buːm],🟢 高频核心词汇
boot,n. 长统靴；靴,0,[buːt],🟢 高频核心词汇
booth,n.岗；（为某种用途而设的）亭或小隔间,0,[buːð],🟢 高频核心词汇
telephone booth,电话亭,0,[ˈtelɪfəʊn- buːð],🟢 高频核心词汇
border,n. 边缘；边境，国界,0,[ˈbɔːdə(r)],🟢 高频核心词汇
bored,a.（对人，事）厌倦的，烦闷的,0,[bɔrd],🟢 高频核心词汇
boring,a. 乏味的，无聊的,0,[`bɔrɪŋ],🟢 高频核心词汇
born,a. 出生,0,[bɔːn],🟢 高频核心词汇
borrow,v. （向别人）借用；借,0,[ˈbɔrəʊ],🟢 高频核心词汇
boss,n. 领班；老板,0,[bɔs],🟢 高频核心词汇
botanical,a. 植物学的,0,[bəˈtænɪk(ə)l],🟢 高频核心词汇
botany,n. 植物； 植物学,0,[ˈbɔtənɪ],🟢 高频核心词汇
both,a. 两；双 pron. 两者；双方,0,[bəʊθ],🟢 高频核心词汇
bottle,n. 瓶子,0,[ˈbɔt(ə)l],🟢 高频核心词汇
bottom,n. 底部；底,0,[ˈbɔtəm],🟢 高频核心词汇
bounce,v. 弹起，蹦，上下晃动,0,[baʊns],🟢 高频核心词汇
bound,a. 被束缚的；被绑的；有义务的  v.& n. 跳跃,0,[baʊnd],🟢 高频核心词汇
boundary,n. 边界，界限,0,[ˈbaʊndərɪ],🟢 高频核心词汇
bow,v.& n. 鞠躬，弯腰行礼,0,[bəʊ],🟢 高频核心词汇
bowl,n. 碗,0,[bəʊl],🟢 高频核心词汇
bowling,n. 保龄球,0,[ˈbəʊlɪŋ],🟢 高频核心词汇
box,n. 盒子，箱子,0,[bɔks],🟢 高频核心词汇
boxing,n. 拳击（运动）,0,[ˈbɔksɪŋ],🟢 高频核心词汇
boy,n. 男孩,0,[bɔɪ],🟢 高频核心词汇
boycott,v. 拒绝购买，抵制,0,[ˈbɔɪkɔt],🟢 高频核心词汇
brain,n. 脑（子）,0,[breɪn],🟢 高频核心词汇
brake,n. 闸 vi. 刹车,0,[breɪk],🟢 高频核心词汇
branch,n. 树枝；分枝；分公司，分店；支部,0,[brɑːntʃ],🟢 高频核心词汇
brand,n. 品牌,0,[brænd],🟢 高频核心词汇
brave,a. 勇敢的,0,[breɪv],🟢 高频核心词汇
bravery,n. 勇气,0,[ˈbreɪvərɪ],🟢 高频核心词汇
bread,n. 面包,0,[bred],🟢 高频核心词汇
break,n. 间隙,0,[breɪk],🟢 高频核心词汇
"break (broke, bro ken)",v. 打破（断，碎）；损坏，撕开,0,[breɪk],🟢 高频核心词汇
breakfast,n. 早餐,0,[ˈbrekfəst],🟢 高频核心词汇
breakthrough,n. 重大进展，突破,0,[ˈbreɪkθruː],🟢 高频核心词汇
breast,n. 乳房，胸脯,0,[brest],🟢 高频核心词汇
breath,n. 气息；呼吸,0,[breθ],🟢 高频核心词汇
breathe,vi. 呼吸,0,[briːð],🟢 高频核心词汇
breathless,a. 气喘吁吁的，上气不接下气的,0,[ˈbreθlɪs],🟢 高频核心词汇
brewery,n. 啤酒厂（公司）,0,[ˈbruːərɪ],🟢 高频核心词汇
brick,n. 砖；砖块,0,[brɪk],🟢 高频核心词汇
bride,n. 新娘,0,[braɪd],🟢 高频核心词汇
bridegroom,n. 新郎,0,[ˈbraɪdɡruːm],🟢 高频核心词汇
bridge,n. 桥,0,[brɪdʒ],🟢 高频核心词汇
brief,a. 简洁的,0,[briːf],🟢 高频核心词汇
bright,a. 明亮的；聪明的,0,[braɪt],🟢 高频核心词汇
brilliant,a. 巧妙的，使人印象深刻的，技艺高的,0,[ˈbrɪlɪənt],🟢 高频核心词汇
"bring (brought, brought)",vt. 拿来，带来，取来,0,[brɪŋ],🟢 高频核心词汇
Britain,* n. 英国；不列颠,0,[ˈbrɪtən],🟢 高频核心词汇
British,a. 英国的；大不列颠的；英国人的,0,[ˈbrɪtɪʃ],🟢 高频核心词汇
the British,n. 英国国民；大不列颠人,0,[ˈbrɪtɪʃ],🟢 高频核心词汇
broad,a. 宽的，宽大的,0,[brɔːd],🟢 高频核心词汇
broadcast,n. 广播节目,0,[ˈbrɔːdkɑːst],🟢 高频核心词汇
"broadcast（broadcast, broadcast或--ed,--ed）",vt. 广播,0,[ˈbrɔːdkɑːst],🟢 高频核心词汇
brochure,n. 资料（或广告）手册,0,[brəʊˈʃə(r); (US) brəʊˈʃʊər],🟢 高频核心词汇
broken,a. 弄坏了的,0,[ˈbrəʊkən],🟢 高频核心词汇
broom,n. 扫帚,0,[bruːm],🟢 高频核心词汇
brother,n. 兄；弟,0,[ˈbrʌðə(r)],🟢 高频核心词汇
brotherhood,n. 兄弟般的关系,0,[ˈbrʌðəhʊd],🟢 高频核心词汇
brown,n. 褐色，棕色 a. 褐色的，棕色的,0,[braʊn],🟢 高频核心词汇
brunch,n. 早午饭（晚早饭）,0,[ˈbrʌntʃ],🟢 高频核心词汇
brush,v. 刷；擦 n. 刷子,0,[brʌʃ],🟢 高频核心词汇
bucket,n. 铲斗；桶,0,[ˈbʌkɪt],🟢 高频核心词汇
Buddhism,n. 佛教,0,[ˈbʊdɪz(ə)m],🟢 高频核心词汇
Buddhist,n. 佛教徒,0,[ˈbudist],🟢 高频核心词汇
budget,n. 预算,0,[ˈbʌdʒɪt],🟢 高频核心词汇
buffet,n. 自助餐,0,[ˈbʊfeɪ; (US) bəˈfeɪ],🟢 高频核心词汇
"build (built, built)",v. 建筑；造,0,[bɪld],🟢 高频核心词汇
building,n. 建筑物；房屋；大楼,0,[ˈbɪldɪŋ],🟢 高频核心词汇
bun,n. 馒头；小甜面包,0,[bʌn],🟢 高频核心词汇
bunch,"n. 串,束,扎,大量,大批",0,[bʌntʃ],🟢 高频核心词汇
bungalow,n. 平房,0,[ˈbʌŋɡələʊ],🟢 高频核心词汇
burden,n. （义务，责任的）重担，负担,0,[ˈbɜːd(ə)n],🟢 高频核心词汇
bureaucratic,a. 官僚的,0,[bjuəˌrəuˈkrætik],🟢 高频核心词汇
burglar,n. 入室窃贼,0,[ˈbɜːɡlə(r)],🟢 高频核心词汇
burial,n. 埋葬,0,[ˈberɪəl],🟢 高频核心词汇
"burn (--ed, --ed 或 burnt, burnt)",v. 燃，烧，着火；使烧焦；使晒黑 n. 烧伤；晒伤,0,[bɜːn],🟢 高频核心词汇
burst,v. 突然发生； 突然发作,0,[ˈbɜːst],🟢 高频核心词汇
bury,vt. 埋；葬,0,[ˈberɪ],🟢 高频核心词汇
bus,n. 公共汽车,0,[bʌs],🟢 高频核心词汇
bus stop,n。公共汽车站,0,[bʌs stɔp],🟢 高频核心词汇
bush,n. 灌木丛，矮树丛,0,[bʊʃ],🟢 高频核心词汇
business,n. （本分）工作，职业；职责；生意，交易；事业,0,[ˈbɪznɪs],🟢 高频核心词汇
businessman (pl. businessmen),n. 商人（男）；男企业家,0,[ˈbɪznɪsmæn],🟢 高频核心词汇
businesswoman (businesswomen),n. 商人（女）；女企业家,0,[ˈbɪznɪswʊmæn],🟢 高频核心词汇
busy,a. 忙（碌）的,0,[ˈbɪzɪ],🟢 高频核心词汇
but,"conj. 但是，可是 prep. 除了, 除……外",0,"[bət, bʌt]",🟢 高频核心词汇
butcher,n. vt. 肉店；屠夫 屠宰（动物）；残杀（人）,0,[ˈbʊtʃə],🟢 高频核心词汇
butter,n. 黄油，奶油,0,[ˈbʌtə(r)],🟢 高频核心词汇
butterfly,n. 蝴蝶,0,[ˈbʌtəflaɪ],🟢 高频核心词汇
the butterfly,蝶泳,0,[],🟢 高频核心词汇
button,n. 纽扣；（电铃等的）按钮 v. 扣（纽扣） ,0,[ˈbʌt(ə)n],🟢 高频核心词汇
"buy (bought,bought)",vt. 买,0,[baɪ],🟢 高频核心词汇
by,prep. 靠近，在…旁；在…时间；不迟于；被；用；由；乘（车）,0,[baɪ],🟢 高频核心词汇
bye,int. 再见,0,[baɪ],🟢 高频核心词汇
cab,n. （美）出租车,0,[kæb],🟢 高频核心词汇
cabbage,n. 卷心菜，洋白菜,0,[ˈkæbɪdʒ],🟢 高频核心词汇
café,n. 咖啡馆； 餐馆,0,[ˈkæfeɪ; (US) kæˈfeɪ],🟢 高频核心词汇
cafeteria,n. 自助餐厅,0,[kæfɪˈtɪərɪə],🟢 高频核心词汇
cage,n 笼；鸟笼,0,[keɪdʒ],🟢 高频核心词汇
calculate,v. 计算，核算，推测,0,[ˈkælkjʊleɪt],🟢 高频核心词汇
cake,n. 蛋糕，糕点；饼,0,[keɪk],🟢 高频核心词汇
call,n. 喊，叫；电话，通话 v. 称呼；呼唤；喊，叫,0,[kɔːl],🟢 高频核心词汇
calm,"a. 镇静,沉着的 v.镇静沉着",0,[kɑːm; (US) kɑːlm],🟢 高频核心词汇
camel,n. 骆驼,0,[ˈkæm(ə)l],🟢 高频核心词汇
camera,n. 照相机；摄像机,0,[ˈkæmərə],🟢 高频核心词汇
camp,"n.（夏令）营 vi.野营,宿营",0,[kæmp],🟢 高频核心词汇
campaign,n. 运动，战役,0,[kæmˈpeɪn],🟢 高频核心词汇
can (could) canˈt = can not modal,v. 可能；能够；可以 不能 n.（美）罐头；罐子,0,"[ken, kæn]",🟢 高频核心词汇
a garbage can,（美）垃圾桶,0,[ˈɡɑːbɪdʒ],🟢 高频核心词汇
a can opener,开罐器,0,[ˈəʊpənə(r)],🟢 高频核心词汇
Canada,* n. 加拿大,0,[ˈkænədə],🟢 高频核心词汇
Canadian,a. 加拿大的；加拿大人的 n. 加拿大人,0,[kəˈneɪdɪən],🟢 高频核心词汇
canal,n. 运河；水道,0,[kəˈnæl],🟢 高频核心词汇
cancel,vt. 取消,0,[ˈkæns(ə)l],🟢 高频核心词汇
cance,r n. 癌,0,[ˈkænsə(r)],🟢 高频核心词汇
candidate,n. 候选人，申请人,0,[ˈkændɪdət; (US) ˈkændɪdeɪt],🟢 高频核心词汇
candle,n. 蜡烛,0,[ˈkænd(ə)l],🟢 高频核心词汇
candy,n. 糖果,0,[ˈkændɪ],🟢 高频核心词汇
canteen,n. 餐厅；食堂,0,[kænˈtiːn],🟢 高频核心词汇
cap,n. （无檐的或仅在前面有檐的）帽子；（瓶子的）盖；（钢笔等的）笔套,0,[kæp],🟢 高频核心词汇
capital,n.首都.省会.大写；资本,0,[ˈkæpɪt(ə)l],🟢 高频核心词汇
capsule,n. （药）胶囊,0,[ˈkæpsjuːl; (US) ˈkæpsl],🟢 高频核心词汇
captain,n. （海军）上校；船长，舰长；队长,0,[ˈkæptɪn],🟢 高频核心词汇
caption,n. （图片，漫画等的）说明文字,0,[ˈkæpʃ(ə)n],🟢 高频核心词汇
car,n. 汽车，小卧车,0,[kɑː(r)],🟢 高频核心词汇
carbon,n. 碳,0,[ˈkɑːbən],🟢 高频核心词汇
card,n.卡片；名片；纸牌,0,[kɑːd],🟢 高频核心词汇
card games,纸牌游戏,0,[kɑːd ɡeɪm],🟢 高频核心词汇
care,n. 照料，保护；小心v. 介意……，在乎；关心,0,[keə(r)],🟢 高频核心词汇
careful,a. 小心，仔细，谨慎的,0,[ˈkeəfʊl],🟢 高频核心词汇
careless,a. 粗心的，漫不经心的,0,[ˈkeəlɪs],🟢 高频核心词汇
carpenter,n. 木工，木匠,0,[ˈkɑːpɪntə(r)],🟢 高频核心词汇
carpet,n. 地毯,0,[ˈkɑːpɪt],🟢 高频核心词汇
carriage,n. 四轮马车;（火车）客车厢,0,[ˈkærɪdʒ],🟢 高频核心词汇
carrier,n. 搬运者；媒介;（自行车等的）置物架；（车的）货架,0,[ˈkærɪə(r)],🟢 高频核心词汇
carrot,n.胡萝卜,0,[ˈkærət],🟢 高频核心词汇
carry,vt. 拿，搬，带，提，抬，背，抱，运等,0,[ˈkærɪ],🟢 高频核心词汇
cartoon,n. 动画片，卡通；漫画,0,[kɑːˈtuːn],🟢 高频核心词汇
carve,vt.刻；雕刻,0,[kɑːv],🟢 高频核心词汇
case,n. 情况；病例；案件；真相  n. 箱；盒；容器,0,[keɪs],🟢 高频核心词汇
cash,n. 现金，现钞 v. 兑现,0,[kæʃ],🟢 高频核心词汇
cassettle,n. 磁带,0,[kæˈset],🟢 高频核心词汇
"cast (cast, cast)",v. 扔，抛，撒,0,[kɑːst; (US) kæst],🟢 高频核心词汇
castle,n. 城堡,0,[ˈkɑːs(ə)l; (US) ˈkæsl],🟢 高频核心词汇
casual,a. 漫不经心的，不经意的，非正式的,0,[ˈkæʒʊəl],🟢 高频核心词汇
cat,n. 猫 ,0,[kæt],🟢 高频核心词汇
catalogue,n. 目录,0,[ˈkætəlɔg],🟢 高频核心词汇
catastrophe,n. 灾难，灾祸，不幸事件,0,[kəˈtæstrəfɪ],🟢 高频核心词汇
"catch(caught,caught)",v. 接住；捉住；赶上；染上（疾病）,0,[kætʃ],🟢 高频核心词汇
category,n. 类别，种类,0,[ˈkætɪɡərɪ],🟢 高频核心词汇
cater,v. 提供饮食，承办酒席,0,[ˈkeɪtə(r)],🟢 高频核心词汇
catholic,a. 天主教的,0,[ˈkæθəlɪk],🟢 高频核心词汇
cathedral,n. 大教堂（天主教）,0,[kəˈθiːdr(ə)l],🟢 高频核心词汇
cattle,n. 牛（总称），家畜,0,[ˈkæt(ə)l],🟢 高频核心词汇
cause,n. 原因，起因 vt. 促使，引起，使发生,0,[kɔːz],🟢 高频核心词汇
caution,n. 谨慎，小心，警告,0,[ˈkɔːʃ(ə)n],🟢 高频核心词汇
cautious,a. 小心的，谨慎的,0,[ˈkɔːʃəs],🟢 高频核心词汇
cave,n. 洞，穴；地窖,0,[keɪv],🟢 高频核心词汇
CD,光盘 (compact disk的缩写),0,[ˌsi:ˈdi:],🟢 高频核心词汇
CDROM,信息储存光盘(compact disk readonly memory的缩写),0,"[ˌsi:ˈdi: -rɔm,rəʊm]",🟢 高频核心词汇
ceiling,n. 天花板，顶棚,0,[ˈsiːlɪŋ],🟢 高频核心词汇
celebrate,v. 庆祝,0,[ˈselɪbreɪt],🟢 高频核心词汇
celebration,n. 庆祝；庆祝会,0,[selɪˈbreɪʃ(ə)n],🟢 高频核心词汇
cell,n.（监狱的）单人牢房；（修道院等的）单人小室；（蜂巢的）小蜂窝，蜂房；［生物］ 细胞,0,[sel],🟢 高频核心词汇
cellar,n. 地窖；地下储藏室,0,[ˈselə(r)],🟢 高频核心词汇
cent,n. 美分（100 cents = 1 dollar）,0,[sent],🟢 高频核心词汇
centigrade,a. 摄氏的,0,[ˈsentɪɡreɪd],🟢 高频核心词汇
centimetre,(美 centimeter) n. 公分，厘米,0,[ˈsentiˌmi:tə(r)],🟢 高频核心词汇
central,a. 中心，中央；主要的,0,[ˈsentr(ə)l],🟢 高频核心词汇
centre (美 center ),n. 中心，中央,0,[],🟢 高频核心词汇
century,n. 世纪，百年,0,[ˈsentʃərɪ],🟢 高频核心词汇
ceremony,n. 典礼，仪式，礼节,0,[ˈserɪmənɪ],🟢 高频核心词汇
certain,a. （未指明真实名称的）某…；确定的，无疑的；一定会…,0,[ˈsɜːt(ə)n],🟢 高频核心词汇
certainly,ad. 当然；一定，无疑,0,[ˈsɜːtənlɪ],🟢 高频核心词汇
certificate,n. 证明，证明书,0,[səˈtɪfɪkət],🟢 高频核心词汇
chain,n. 链； 链条,0,[tʃeɪn],🟢 高频核心词汇
chain store(s),连锁店,0,[tʃeɪn stɔː(r)],🟢 高频核心词汇
chair,n. 椅子,0,[tʃeə(r)],🟢 高频核心词汇
chairman,(pl. chairmen) n. 主席，会长；议长,0,[ˈtʃeəmən],🟢 高频核心词汇
chairwoman (pl. chairwomen),"n. 女主席, 女会长；女议长",0,[ˈtʃɛəˌwumən],🟢 高频核心词汇
chalk,n. 粉笔,0,[tʃɔːk],🟢 高频核心词汇
challenge,n.挑战(性),0,[ˈtʃælɪndʒ],🟢 高频核心词汇
challenging,a.具有挑战性的,0,[ˈtʃælɪndʒɪŋ],🟢 高频核心词汇
champion,n. 冠军，优胜者,0,[ˈtʃæmpɪən],🟢 高频核心词汇
chance,n. 机会，可能性,0,[tʃɑːns; (US) tʃæns],🟢 高频核心词汇
changeable,a.易变的，变化无常的,0,[ˈtʃeɪndʒəb(ə)l],🟢 高频核心词汇
change,n. 零钱；找头v. 改变，变化；更换；兑换,0,[tʃeɪndʒ],🟢 高频核心词汇
channel,n.频道；通道；水渠,0,[ˈtʃæn(ə)l],🟢 高频核心词汇
chant,v./ n.反复呼喊,0,[tʃɑːnt],🟢 高频核心词汇
chaos,n. 混乱，杂乱，紊乱,0,[ˈkeɪɔs],🟢 高频核心词汇
character,n.（汉）字.字体；品格,0,[ˈkærɪktə(r)],🟢 高频核心词汇
characteristic,a. 典型的，独特的,0,[kærɪktəˈrɪstɪk],🟢 高频核心词汇
charge,v. 要求收费；索价；将(电池)充电 n. 费用；价钱,0,[tʃɑːdʒ],🟢 高频核心词汇
chapter,n. 章,0,[ˈtʃæptə(r)],🟢 高频核心词汇
chart,n. 图表；航海图,0,[tʃɑːt],🟢 高频核心词汇
chat,n. & vi. 聊天，闲谈,0,[tʃæt],🟢 高频核心词汇
cheap,a. 便宜的，贱,0,[tʃiːp],🟢 高频核心词汇
cheat,n. & v. 骗取，哄骗；作弊,0,[tʃiːt],🟢 高频核心词汇
check,n. 检查；批改 vt. 校对，核对； 检查；批改,0,[tʃek],🟢 高频核心词汇
cheek,n. 面颊，脸蛋,0,[tʃiːk],🟢 高频核心词汇
cheer,n. & vi.欢呼； 喝彩,0,[tʃɪə(r)],🟢 高频核心词汇
Cheer up,振作起来！提起精神！,0,[tʃɪə(r)-ʌp],🟢 高频核心词汇
cheerful,a.兴高采烈的，快活的,0,[ˈtʃɪəfʊl],🟢 高频核心词汇
cheers,int. 干杯，(口)谢谢，再见,0,[tʃɪə(r)],🟢 高频核心词汇
cheese,n. 奶酪,0,[tʃiːz],🟢 高频核心词汇
chef,n. 厨师长，主厨,0,[ʃef],🟢 高频核心词汇
chemical,a. 化学的 n. 化学品,0,[ˈkemɪk(ə)l],🟢 高频核心词汇
chemist,n. 药剂师；化学家,0,[ˈkemɪst],🟢 高频核心词汇
chemistry,n. 化学,0,[ˈkemɪstrɪ],🟢 高频核心词汇
cheque,(美check) n. 支票,0,[tʃek],🟢 高频核心词汇
chess,n. 棋,0,[tʃes],🟢 高频核心词汇
chest,n. 箱子；盒子；胸部,0,[tʃest],🟢 高频核心词汇
chew,vt. 咀嚼,0,[tʃuː],🟢 高频核心词汇
chick,n. 小鸡,0,[tʃɪk],🟢 高频核心词汇
chicken,n. 鸡；鸡肉,0,[ˈtʃɪkən],🟢 高频核心词汇
chief,"a. 主要,首要的 n.领导，头",0,[tʃiːf],🟢 高频核心词汇
child (复children),n. 孩子，儿童,0,[tʃaɪld],🟢 高频核心词汇
childhood,n. 幼年时代，童年,0,[ˈtʃaɪldhʊd],🟢 高频核心词汇
chimney,n. 烟囱，烟筒,0,[ˈtʃɪmnɪ],🟢 高频核心词汇
China,* n. 中国,0,[ˈtʃaɪnə],🟢 高频核心词汇
Chinese,a.中国的；中国人的；中国话的，汉语的 n.中国人；中国话，汉语，中文,0,[tʃaɪˈniːz],🟢 高频核心词汇
chips,n. (pl.)炸土豆条（片）,0,[tʃɪp],🟢 高频核心词汇
chocolate,n. 巧克力,0,[ˈtʃɔklət],🟢 高频核心词汇
choice,n. 选择；抉择,0,[tʃɔɪs],🟢 高频核心词汇
choir,n. 合唱团，教堂的唱诗班,0,[ˈkwaɪə(r)],🟢 高频核心词汇
choke,n. & v. 窒息,0,[tʃəʊk],🟢 高频核心词汇
"choose (chose, chosen)",vt. 选择,0,[tʃuːz],🟢 高频核心词汇
chopsticks,n. 筷子,0,[ˈtʃɔpstɪks],🟢 高频核心词汇
chorus,n. 合唱曲，歌咏队,0,[ˈkɔːrəs],🟢 高频核心词汇
Christian,n. 基督教徒和天主教徒的总称,0,[ˈkrɪstɪən],🟢 高频核心词汇
Christmas,n. 圣诞节（12月25日）,0,[ˈkrɪsməs],🟢 高频核心词汇
Christmas card,圣诞卡,0,[ˈkrɪsməs kɑːd],🟢 高频核心词汇
Christmas tree,圣诞树,0,[ˈkrɪsməs triː],🟢 高频核心词汇
Christmas Eve,圣诞（前）夜,0,[ˈkrɪsməs iːv ],🟢 高频核心词汇
church,n. 教堂；教会,0,[tʃɜːtʃ],🟢 高频核心词汇
cigar,n. 雪茄烟,0,[sɪˈɡɑː(r)],🟢 高频核心词汇
cigarette,n. 纸烟，香烟,0,[sɪɡəˈret],🟢 高频核心词汇
cinema,n. 电影院；电影,0,[ˈsɪnəmə],🟢 高频核心词汇
circle,n. /vt. 圆圈 将…圈起来,0,[ˈsɜːk(ə)l],🟢 高频核心词汇
circuit,n. 环形路线，巡回赛,0,[ˈsɜːkɪt],🟢 高频核心词汇
circulate,v. （液体或气体）环流，循环,0,[ˈsɜːkjʊleɪt],🟢 高频核心词汇
circumstance,"n.条件,环境,状况",0,[ˈsɜːkəmstəns],🟢 高频核心词汇
circus,n. 马戏团,0,[ˈsɜːkəs],🟢 高频核心词汇
citizen,n. 公民；居民,0,[ˈsɪtɪz(ə)n],🟢 高频核心词汇
city,n. 市，城市，都市,0,[ˈsɪtɪ],🟢 高频核心词汇
civil,a. 国内的；平民（非军人）的；民用的,0,[ˈsɪv(ə)l],🟢 高频核心词汇
civilian,n. 平民，老百姓,0,[sɪˈvɪlɪən],🟢 高频核心词汇
civilization,n. 文明,0,[sɪvɪlaɪˈzeɪʃ(ə)n; (US) sɪvəlɪˈzeɪʃən],🟢 高频核心词汇
clap,vi. 拍手；鼓掌,0,[klæp],🟢 高频核心词汇
clarify,v. 澄清，阐明,0,[ˈklærɪfaɪ],🟢 高频核心词汇
class,n. （学校的）班；年级；课,0,[klɑːs; (US) klæs],🟢 高频核心词汇
classic,a. 一流的，典型的，有代表性的,0,[ˈklæsɪk],🟢 高频核心词汇
classical,a. 传统的；古典的,0,[ˈklæsɪk(ə)l],🟢 高频核心词汇
classify,v. 分类，归类,0,[ˈklæsɪfaɪ],🟢 高频核心词汇
classmate,n. 同班同学,0,[ˈklɑːsmeɪt],🟢 高频核心词汇
classroom,n. 教室,0,[ˈklɑːsruːm],🟢 高频核心词汇
claw,n. 爪,0,[klɔː],🟢 高频核心词汇
clay,n. 黏土，陶土,0,[kleɪ],🟢 高频核心词汇
clean,vt. 弄干净，擦干净 a. 清洁的，干净的,0,[kliːn],🟢 高频核心词汇
cleaner,"n.清洁工.,清洁器.,清洁剂",0,[kliːnə(r)],🟢 高频核心词汇
clear,a. 清晰；明亮的；清楚的,0,[klɪə(r)],🟢 高频核心词汇
clearly,ad. 清楚地，无疑地,0,[ˈklɪəlɪ],🟢 高频核心词汇
clerk,n. 书记员；办事员；职员,0,[klɑːk; (US) klərk],🟢 高频核心词汇
clever,a. 聪明的，伶俐的,0,[ˈklevə(r)],🟢 高频核心词汇
click,v. 点击（计算机用语）,0,[klɪk],🟢 高频核心词汇
climate,n. 气候,0,[ˈklaɪmɪt],🟢 高频核心词汇
climb,v. 爬，攀登,0,[klaɪm],🟢 高频核心词汇
clinic,n. 诊所,0,[ˈklɪnɪk],🟢 高频核心词汇
clock,n. 钟,0,[klɔk],🟢 高频核心词汇
clone,n.克隆（无性繁殖出来的有机体群）,0,[kləʊn],🟢 高频核心词汇
close,a. 亲密的；近，靠近 ad. 近，靠近 vt. 关，关闭,0,[kləʊz],🟢 高频核心词汇
cloth,n. 布,0,[klɔθ; (US) klɔθ],🟢 高频核心词汇
clothes,n. 衣服；各种衣物,0,[klɔðz; (US) kləʊz],🟢 高频核心词汇
clothing,n. (总称) 衣服,0,[ˈkləʊðɪŋ],🟢 高频核心词汇
cloud,n. 云；云状物；阴影,0,[ˈkləʊðɪŋ],🟢 高频核心词汇
cloudy,a. 多云的，阴天的,0,[ˈklaʊdɪ],🟢 高频核心词汇
club,n. 俱乐部；纸牌中的梅花,0,[klʌb],🟢 高频核心词汇
clumsy,a. 笨拙的，不灵巧的,0,[ˈklʌmzɪ],🟢 高频核心词汇
coach,n. 教练；马车；长途车,0,[kəʊtʃ],🟢 高频核心词汇
coal,n. 煤；煤块,0,[kəʊl],🟢 高频核心词汇
coast,n. 海岸；海滨,0,[kəʊst],🟢 高频核心词汇
coat,n. 外套；涂层；表皮；皮毛 vt. 给……穿外套；涂上,0,[kəʊt],🟢 高频核心词汇
cock,n. 公鸡,0,[kɔk],🟢 高频核心词汇
cocoa,n. 可可粉,0,[ˈkəʊkəʊ],🟢 高频核心词汇
coffee,n. 咖啡,0,[ˈkɔfɪ; (US) ˈkɔːfɪ],🟢 高频核心词汇
coin,n. 硬币,0,[kɔɪn],🟢 高频核心词汇
coincidence,n. 巧合，巧事,0,[kəʊɪnˈsɪdəns],🟢 高频核心词汇
coke,n. 可口可乐,0,[kəʊk],🟢 高频核心词汇
cold,a. 冷的，寒的 n. 寒冷；感冒，伤风,0,[kəʊld],🟢 高频核心词汇
cold--blooded,a. (动物) 冷血的,0,[kəʊld blʌdɪd],🟢 高频核心词汇
collar,n. 衣领； 硬领,0,[ˈkɔlə(r)],🟢 高频核心词汇
colleague,n. 同事,0,[ˈkɔliːɡ],🟢 高频核心词汇
collect,vt. 收集，搜集,0,[kəˈlekt],🟢 高频核心词汇
collection,n. 收藏品，收集物,0,[kəˈlekʃ(ə)n],🟢 高频核心词汇
college,n. 学院；专科学校,0,[ˈkɔlɪdʒ],🟢 高频核心词汇
collision,n. 碰撞事故,0,[kəˈlɪʒ(ə)n],🟢 高频核心词汇
colour (美color),n. 颜色 vt.给…着色，涂色,0,[ˈkʌlə],🟢 高频核心词汇
comb,n. 梳子 v. 梳,0,[kəʊm],🟢 高频核心词汇
combine,vt. 使联合；使结合,0,[kəmˈbaɪn],🟢 高频核心词汇
"come (came, come)",vi. 来，来到,0,[kʌm],🟢 高频核心词汇
comedy,n. 喜剧,0,[ˈkɔmədɪ],🟢 高频核心词汇
comfort,n. 安慰； 慰问,0,[ˈkʌmfət],🟢 高频核心词汇
comfortable,a. 舒服的；安逸的；舒服自在的,0,[ˈkʌmfətəb(ə)l; (US) ˈkʌmfərtəbl],🟢 高频核心词汇
comma,n. 逗号,0,[ˈkɔmə],🟢 高频核心词汇
command,n. & v. 命令,0,[kəˈmɑːnd; (US) kəˈmænd],🟢 高频核心词汇
comment,n. 评论,0,[ˈkɔment],🟢 高频核心词汇
commericia,a.贸易的，商业的,0,[],🟢 高频核心词汇
commit,v.犯（罪，错），自杀,0,[kəˈmɪt],🟢 高频核心词汇
commitment,"n. 承诺,允诺,承担",0,[kəˈmɪtmənt],🟢 高频核心词汇
committee,n. 委员会,0,[kəˈmɪtɪ],🟢 高频核心词汇
common,a. 普通，一般；共有的,0,[ˈkɔmən],🟢 高频核心词汇
communicate,v. 交际；传达（感情，信息等）,0,[kəˈmjuːnɪkeɪt],🟢 高频核心词汇
communication,"n.交际,交往;通讯",0,[kəmjuːnɪˈkeɪʃ(ə)n],🟢 高频核心词汇
communism,n. 共产主义,0,[ˈkɔmjʊnɪz(ə)m],🟢 高频核心词汇
communist,n. 共产主义者 a. 共产党的；共产主义的,0,[ˈkɔmjuːnɪst],🟢 高频核心词汇
companion,n. 同伴；同事,0,[kəmˈpænɪən],🟢 高频核心词汇
company,n. 公司,0,[ˈkʌmpənɪ],🟢 高频核心词汇
compare,vt. 比较，对照,0,[kəmˈpeə(r)],🟢 高频核心词汇
compass,n. 罗盘，指南针,0,[ˈkʌmpəs],🟢 高频核心词汇
compensate,v. 补偿，弥补,0,[ˈkɔmpenseɪt],🟢 高频核心词汇
compete,vi. 比赛，竞赛,0,[kəmˈpiːt],🟢 高频核心词汇
competence,"n.能力,胜任,管辖权",0,[ˈkɔmpətəns],🟢 高频核心词汇
competition,n. 比赛，竞赛,0,[kɔmpəˈtɪʃ(ə)n],🟢 高频核心词汇
competitor,n. 竞赛者，比赛者,0,[kəmˈpetɪtə(r)],🟢 高频核心词汇
complete,a. 完成vt. 完成，结束,0,[kəmˈpliːt],🟢 高频核心词汇
complex,a. / n. 复杂的，建筑群,0,[ˈkɔmpleks],🟢 高频核心词汇
component,n. 组成部分，部件,0,[kəmˈpəʊnənt],🟢 高频核心词汇
composition,n. 作文；作曲,0,[kɔmpəˈzɪʃ(ə)n],🟢 高频核心词汇
comprehension,n. 理解,0,[kɔmprɪˈhenʃ(ə)n],🟢 高频核心词汇
compromise,"v. 妥协,折中,让步",0,[ˈkɔmprəmaɪz],🟢 高频核心词汇
compulsory,"a. 强制的,必须做的",0,[kəmˈpʌlsərɪ],🟢 高频核心词汇
computer,n. 电子计算机,0,[kəmˈpjuːtə(r)],🟢 高频核心词汇
computer game,电子游戏,0,[kəmˈpjuːtə(r) ɡeɪm],🟢 高频核心词汇
comrade,n. 同志,0,[ˈkɔmrɪd; (US) ˈkɑmræd],🟢 高频核心词汇
concentrate,v. 聚精会神,0,[ˈkɔnsəntreɪt],🟢 高频核心词汇
concept,n. 概念,0,[ˈkɔnsept],🟢 高频核心词汇
concern,v. / n. 涉及，关心,0,[kənˈsɜːn],🟢 高频核心词汇
concert,n. 音乐会；演奏会,0,[ˈkɔnsət],🟢 高频核心词汇
conclude,v. 完成，结束,0,[kənˈkluːd],🟢 高频核心词汇
conclusion,n. 结论；结束,0,[kənˈkluːʒ(ə)n],🟢 高频核心词汇
concrete,a. 混凝土制的,0,[ˈkɔŋkriːt],🟢 高频核心词汇
condition,n. 条件，状况,0,[kənˈdɪʃ(ə)n],🟢 高频核心词汇
condemn,v. 谴责，指责，宣判,0,[kənˈdem],🟢 高频核心词汇
conduct,vt. 引导，带领,0,[ˈkɔndʌkt],🟢 高频核心词汇
conductor,n. 管理人；指导者；（车上的）售票员，列车员；乐队指挥,0,[kənˈdʌktə(r)],🟢 高频核心词汇
confident,a. 自信的,0,[ˈkɔnfɪdənt],🟢 高频核心词汇
confidential,a. 机密的，保密的,0,[kɔnfɪˈdenʃ(ə)l],🟢 高频核心词汇
conference,n. (正式的)会议；讨论,0,[ˈkɔnfərəns],🟢 高频核心词汇
confirm,v. 证实，证明，确认,0,[kənˈfɜːm],🟢 高频核心词汇
conflict,n. 冲突，争执，争论,0,[ˈkɔnflɪkt],🟢 高频核心词汇
confuse,v. 使迷惑，混淆,0,[kənˈfjuːz],🟢 高频核心词汇
congratulate,vt. 祝贺,0,[kənˈɡrætjʊleɪt],🟢 高频核心词汇
congratulation,n. 祝贺，庆贺,0,[kənɡrætjʊˈleɪʃ(ə)n],🟢 高频核心词汇
connect,v. 连接，把…联系起来,0,[kəˈnekt],🟢 高频核心词汇
connection,"n.连接物;接触,联系",0,[kəˈnekʃ(ə)n],🟢 高频核心词汇
conscience,n. 良心，良知，内疚,0,[ˈkɔnʃəns],🟢 高频核心词汇
consensus,n. 一致的意见，共识,0,[kənˈsensəs],🟢 高频核心词汇
consequence,n. 结果，后果,0,[ˈkɔnsɪkwəns; (US) ˈkɔnsɪkwens],🟢 高频核心词汇
conservation,n 保存；（自然资源的）保护，管理,0,[kɔnsəˈveɪʃ(ə)n],🟢 高频核心词汇
conservative,a. 保守的，守旧的；保守主义的；谨慎的 n.保守的人，保守主义,0,[kənˈsɜːvətɪv],🟢 高频核心词汇
consider,vt. 考虑,0,[kənˈsɪdə(r)],🟢 高频核心词汇
considerate,a. 体贴的,0,[kənˈsɪdərət],🟢 高频核心词汇
consideration,n. 考虑；关心,0,[kənsɪdəˈreɪʃ(ə)n],🟢 高频核心词汇
consist,v. 包含，组成，构成,0,[kənˈsɪst],🟢 高频核心词汇
consistent,a. 一致的，始终如一的，连续的,0,[kənˈsɪst(ə)nt],🟢 高频核心词汇
constant,a. 经常的，不断的,0,[ˈkɔnstənt],🟢 高频核心词汇
constitution,n. 宪法，章程，身体素质,0,[kɔnstɪˈtjuːʃ(ə)n; (US) kɔnstəˈtuːʃən],🟢 高频核心词汇
construct,v. 构筑；建造，建设,0,[kənˈstrʌkt],🟢 高频核心词汇
construction,"n.建造,建设,建筑物",0,[kənˈstrʌkʃ(ə)n],🟢 高频核心词汇
consult,v. 咨询，商量,0,[kənˈsʌlt],🟢 高频核心词汇
consultant,n. 顾问,0,[kənˈsʌltənt],🟢 高频核心词汇
consume,v. 消耗，耗费（燃料，能量，时间等）,0,[kənˈsʌltənt],🟢 高频核心词汇
contain,v. 包含；包括；能容纳,0,[kənˈteɪn],🟢 高频核心词汇
container,n. 容器,0,[kənˈteɪnə(r)],🟢 高频核心词汇
contemporary,a.属同时期的，同一时代的,0,[kənˈtempərərɪ; (US) kənˈtempərerɪ],🟢 高频核心词汇
content,"a.甘愿的,满意的 n.内容",0,[kənˈtent],🟢 高频核心词汇
continent,n. 大陆，大洲；陆地,0,[ˈkɔntɪnənt],🟢 高频核心词汇
continue,vi. 继续,0,[kənˈtɪnjuː],🟢 高频核心词汇
contradict,v. 反驳，驳斥，批驳,0,[kɔntrəˈdɪkt],🟢 高频核心词汇
contradictory,"a.相互矛盾,对立的",0,[ˌkɔntrəˈdiktəri],🟢 高频核心词汇
contrary,n. / a. 相反 相反的,0,[ˈkɔntrərɪ; (US) ˈkɔntrerɪ],🟢 高频核心词汇
contribute,v. 贡献,0,[kənˈtrɪbjuːt],🟢 高频核心词汇
contribution,n. 贡献,0,[kɔnˈtrɪbjuːt],🟢 高频核心词汇
control,vt.& n. 控制,0,[kənˈtrol],🟢 高频核心词汇
controversial,"a.引起争论的,有争议的",0,[kɔntrəˈvɜːʃ(ə)l],🟢 高频核心词汇
convenience,n. 便利,0,[kənˈviːnɪəns],🟢 高频核心词汇
convenient,a. 便利的，方便的,0,[kənˈviːnɪənt],🟢 高频核心词汇
conventional,a. 依照惯例的，习惯的,0,[kənˈvenʃən(ə)l],🟢 高频核心词汇
conversation,n. 谈话，交谈,0,[kɔnvəˈseɪʃ(ə)n],🟢 高频核心词汇
convey,v. 表达，传递（思想，感情等）,0,[kənˈveɪ],🟢 高频核心词汇
convince,v. 使确信，使信服,0,[kənˈvɪns],🟢 高频核心词汇
cook,"n.炊事员,厨师 v.烹调,做饭",0,[kʊk],🟢 高频核心词汇
cooker,n. 炊具(锅、炉灶、烤炉等),0,[ˈkʊkə(r)],🟢 高频核心词汇
cookie,n. 小甜饼,0,[ˈkʊkɪ],🟢 高频核心词汇
cool,a. 凉的，凉爽的；酷,0,[kuːl],🟢 高频核心词汇
copy,n. 抄本，副本；一本（份，册……） v. 抄写；复印；（计算机用语）拷（备 份盘）,0,[ˈkɔpɪ],🟢 高频核心词汇
coral,n. 珊瑚；珊瑚虫,0,[ˈkɔr(ə)l; (US) ˈkɔːrəl],🟢 高频核心词汇
cordless,a. 无线的,0,[ˈkɔːdlɪs],🟢 高频核心词汇
corn,n. 玉米，谷物,0,[kɔːn],🟢 高频核心词汇
corner,n. 角；角落；拐角,0,[ˈkɔːnə(r)],🟢 高频核心词汇
corporation,n. （大）公司,0,[kɔːpəˈreɪʃ(ə)n],🟢 高频核心词汇
correct,v. 改正；纠正 a. 正确的，对的；恰当的,0,[kəˈrekt],🟢 高频核心词汇
correction,n. 改正,0,[kəˈrekʃ(ə)n],🟢 高频核心词汇
correspond,vi. 一致；与……相当；(与人)通信，有书信往来,0,[kɔrɪˈspɔnd; (US) kɔːrəˈspɔnd],🟢 高频核心词汇
corrupt,a. / v. 贪污的，腐败的，使腐化，堕落,0,[kəˈrʌpt],🟢 高频核心词汇
"cost (cost, cost)",v.值（钱），花费 n. 价格,0,[kɔst; (US) kɔːst],🟢 高频核心词汇
cosy,"a.暖和舒适的,亲密无间的",0,[ˈkəuzi],🟢 高频核心词汇
cottage,"n. (郊外)小屋,村舍,别墅",0,[ˈkɔtɪdʒ],🟢 高频核心词汇
cotton,n. 棉花 a. 棉花的,0,[ˈkɔt(ə)n],🟢 高频核心词汇
cough,n.& vi. 咳嗽,0,[kɔf; (US) kɔːf],🟢 高频核心词汇
could modal,v.（can的过去式）可以…；（表示许可或请求）可以…，行,0,[kʊdˈməʊd(ə)l],🟢 高频核心词汇
count,vt. 数，点数,0,[kaʊnt],🟢 高频核心词汇
counter,n. 柜台，结账处,0,[ˈkaʊntə(r)],🟢 高频核心词汇
country,n. 国家；农村，乡下,0,[ˈkʌntrɪ],🟢 高频核心词汇
countryside,n. 乡下，农村,0,[ˈkʌntrɪsaɪd],🟢 高频核心词汇
couple,n. 夫妇，一对,0,[ˈkʌp(ə)l],🟢 高频核心词汇
courage,n. 勇气； 胆略,0,[ˈkʌrɪdʒ],🟢 高频核心词汇
course,n. 过程；经过；课程,0,[kɔːs],🟢 高频核心词汇
court,n. 法庭；法院,0,[kɔːt],🟢 高频核心词汇
courtyard,n. 庭院，院子,0,[ˈkɔːtjɑːd],🟢 高频核心词汇
cousin,n. 堂（表）兄弟，堂（表）姐妹,0,[ˈkʌz(ə)n],🟢 高频核心词汇
cover,n. 盖子；罩 v. 覆盖，遮盖；掩盖,0,[ˈkʌvə(r)],🟢 高频核心词汇
cow,n. 母牛，奶牛,0,[kaʊ],🟢 高频核心词汇
cowboy,n.（美国）牛仔;牧场骑士,0,[ˈkaʊbɔɪ],🟢 高频核心词汇
co-worker,n. 合作者；同事,0,[ˈkəʊ ˈwɜːkə(r)],🟢 高频核心词汇
crash,v. / n. 碰撞，撞击,0,[kræʃ],🟢 高频核心词汇
crayon,n 蜡笔；蜡笔画,0,[ˈkreɪən],🟢 高频核心词汇
crazy,a. 疯狂的,0,[ˈkreɪzɪ],🟢 高频核心词汇
cream,n. 奶油，乳脂,0,[kriːm],🟢 高频核心词汇
create,vt. 创造； 造成,0,[kriːˈeɪt],🟢 高频核心词汇
creature,n. 生物，动物,0,[ˈkriːtʃə(r)],🟢 高频核心词汇
credit,n. 信用；信赖；信誉,0,[ˈkredɪt],🟢 高频核心词汇
crime,n. （法律上的）罪，犯罪,0,[kraɪm],🟢 高频核心词汇
criminal,n. 罪犯,0,[ˈkrɪmɪn(ə)l],🟢 高频核心词汇
crew,n. 全体船员,0,[kruː],🟢 高频核心词汇
criterion (pl. criteria),n. 标准，准则，原则,0,[kraɪˈtɪərɪən],🟢 高频核心词汇
crop,n. 庄稼；收成,0,[krɔp],🟢 高频核心词汇
cross,a. 脾气不好的，易怒的 n. 十字形的东西 vt. 越过；穿过,0,[krɔs],🟢 高频核心词汇
crossing,n. 十字路口，人行横道,0,[ˈkrɔsɪŋ],🟢 高频核心词汇
crossroads,n. 交叉路口,0,[ˈkrɔsrəʊd],🟢 高频核心词汇
crowd,n. 人群 vt. 拥挤，群聚,0,[kraʊd],🟢 高频核心词汇
crowded,a. 拥挤的,0,[ˈkraʊdɪd],🟢 高频核心词汇
cruel,a. 残忍的，残酷的；无情的,0,[ˈkruːəl],🟢 高频核心词汇
cry,n. 叫喊；哭声 v. 喊叫；哭,0,[kraɪ],🟢 高频核心词汇
cube,n. 立方体,0,[kjuːb],🟢 高频核心词汇
cubic,a.立方体的，立方形的,0,[ˈkjuːbɪk],🟢 高频核心词汇
cuisine,n. 饭菜，佳肴,0,[kwɪˈziːn],🟢 高频核心词汇
culture,n. 文化,0,[ˈkʌltʃə(r)],🟢 高频核心词汇
cup,n. 茶杯,0,[kʌp],🟢 高频核心词汇
cupboard,n. 碗柜；橱柜,1,[ˈkʌbəd],🟢 高频核心词汇
cure,n. & vt. 治疗；医好,0,[kjʊə(r)],🟢 高频核心词汇
curious,a. 好奇的；奇异的,0,[ˈkjʊərɪəs],🟢 高频核心词汇
currency,n. 货币；现金,0,[ˈkʌrənsɪ],🟢 高频核心词汇
curriculum,n.（学校的）全部课程,0,[kəˈrɪkjʊləm],🟢 高频核心词汇
curtain,n. 窗帘,0,[ˈkɜːt(ə)n],🟢 高频核心词汇
cushion,n. 垫子,0,[ˈkʊʃ(ə)n],🟢 高频核心词汇
custom,n. 习惯，习俗，风俗习惯,0,[ˈkʌstəm],🟢 高频核心词汇
customer,n. （商店）顾客，主顾,0,[ˈkʌstəmə(r)],🟢 高频核心词汇
customs,n. 海关，关税,0,[ˈkʌstəm],🟢 高频核心词汇
"cut (cut, cut)","v. / n. 切，剪，削，割, 伤口",0,[kʌt],🟢 高频核心词汇
cycle,vi. 骑自行车,0,[ˈsaɪk(ə)l],🟢 高频核心词汇
cyclist,n. 骑自行车的人,0,[ˈsaɪklɪst],🟢 高频核心词汇
dad = daddy,n.（口）爸爸，爹爹,0,[dæd],🟢 高频核心词汇
daily,a. 每日的；日常的 ad. 每天 n. 日报,0,[ˈdeɪlɪ],🟢 高频核心词汇
dam,n. 水坝，堰堤,0,[dæm],🟢 高频核心词汇
damage,n.& vt. 毁坏，损害,0,[ˈdæmɪdʒ],🟢 高频核心词汇
damp,a. & n. 潮湿（的）,0,[dæmp],🟢 高频核心词汇
dance,n.& vi. 跳舞,0,[dɑːns; (US) dæns],🟢 高频核心词汇
danger,n. 危险,0,[ˈdeɪndʒə(r)],🟢 高频核心词汇
dangerous,a. 危险的,0,[ˈdeɪndʒərəs],🟢 高频核心词汇
dare,v.& aux..（后接不带to的不定式；主要用于疑问，否定或条件句）敢，敢于,0,[deə(r)],🟢 高频核心词汇
dark,n. 黑暗；暗处；日暮 a. 黑暗的；暗淡的；深色的,0,[dɑːk],🟢 高频核心词汇
darkness,n. 黑暗，阴暗,0,[ˈdɑːknɪs],🟢 高频核心词汇
dash,v. & n. 快跑，冲刺，短跑,0,[dæʃ],🟢 高频核心词汇
data,n. 资料，数据,0,"[ˈdeɪtə, ˈdɑːtə; (US) ˈdætə]",🟢 高频核心词汇
database,n. 资料库，数据库,0,[ˈdeɪtbeɪs],🟢 高频核心词汇
date,n. 日期；约会 n.枣,0,[deɪt],🟢 高频核心词汇
daughter,n. 女儿,0,[ˈdɔːtə(r)],🟢 高频核心词汇
dawn,n. 黎明，拂晓,0,[dɔːn],🟢 高频核心词汇
day,n.（一）天，（一）日；白天,0,[deɪ],🟢 高频核心词汇
daylight,n. 日光，白昼； 黎明,0,[ˈdeɪlaɪt],🟢 高频核心词汇
dead,a. 死的；无生命的,0,[ded],🟢 高频核心词汇
deadline,n.最后期限，截止日期,0,[ˈdedlaɪn],🟢 高频核心词汇
deaf,a. 聋的,0,[def],🟢 高频核心词汇
deal,n. 量，数额；交易,0,[diːl],🟢 高频核心词汇
dear,int.（表示惊愕）哎呀！唷！ a. 亲爱的；贵的,0,[dɪə(r)],🟢 高频核心词汇
death,n. 死,0,[deθ],🟢 高频核心词汇
debate,n. & v.讨论，辩论,0,[dɪˈbeɪt],🟢 高频核心词汇
debt,n. 债务；欠款,0,[det],🟢 高频核心词汇
decade,n. 十年期,0,[ˈdekeɪd],🟢 高频核心词汇
December,n. 12月,0,[dɪˈsembə(r)],🟢 高频核心词汇
decide,v. 决定；下决心,0,[dɪˈsaɪd],🟢 高频核心词汇
decision,n. 决定；决心,0,[dɪˈsɪʒ(ə)n],🟢 高频核心词汇
declare,vt. 声明；断言,1,[dɪˈkleə(r)],🟢 高频核心词汇
decline,"v. 减少,下降,衰退,谢绝",0,[dɪˈklaɪn],🟢 高频核心词汇
decorate,vt.装饰…，修饰…,0,[ˈdekəreɪt],🟡 中高频进阶词汇
decoration,n.装饰，修饰,0,[dekəˈreɪʃ(ə)n],🟡 中高频进阶词汇
decrease,v.减少，减小，降低,0,[dɪˈkriːs],🟡 中高频进阶词汇
deed,n. 行为；事迹,0,[diːd],🟡 中高频进阶词汇
deep,a. 深 ad. 深；深厚,0,[diːp],🟡 中高频进阶词汇
deeply,ad. 深深地,0,[ˈdiːplɪ],🟡 中高频进阶词汇
deer,n. 鹿,0,[dɪə(r)],🟡 中高频进阶词汇
defeat,vt. 击败；战胜,0,[dɪˈfiːt],🟡 中高频进阶词汇
defence (美defense),n. & v. 防御；防务,0,[diˈfens],🟡 中高频进阶词汇
defend,vt. 防守；保卫,0,[dɪˈfend],🟡 中高频进阶词汇
degree,n. 程度；度数；学位,0,[dɪˈɡriː],🟡 中高频进阶词汇
delay,v.& n. 拖延，延误，延迟，延期；耽搁,0,[dɪˈleɪ],🟡 中高频进阶词汇
delete,v. 删去,0,[dɪˈliːt],🟡 中高频进阶词汇
deliberately,"ad.故意,蓄意,存心",0,[dɪˈlɪbərətlɪ],🟡 中高频进阶词汇
delicate,a.易损的，易碎的,0,[ˈdelɪkət],🟡 中高频进阶词汇
delicious,a. 美味的，可口的,0,[dɪˈlɪʃəs],🟡 中高频进阶词汇
delight,n. 快乐；乐事,0,[dɪˈlaɪt],🟡 中高频进阶词汇
delighted,a. 高兴的，快乐的,0,[diˈlaitid],🟡 中高频进阶词汇
deliver,vt. 投递（信件，邮包等）,0,[dɪˈlɪvə(r)],🟡 中高频进阶词汇
demand,vt. 要求,0,[dɪˈmɑːnd; (US) dɪˈmænd],🟡 中高频进阶词汇
dentist,n. 牙科医生 ,0,[ˈdentɪst],🟡 中高频进阶词汇
department(缩Dept.),n. 部门；（机关的）司，处；（大学的）系,0,[dɪˈpɑːtmənt],🟡 中高频进阶词汇
department -store,n. 百货商场,0,[dɪˈpɑːtmənt-stɔː(r)],🟡 中高频进阶词汇
departure,n. 离开，启程,0,[dɪˈpɑːtʃə(r)],🟡 中高频进阶词汇
depend,vi. 依靠，依赖，指望；取决于,0,[dɪˈpend],🟡 中高频进阶词汇
deposit,v. / n. 订金，押金，放下，放置，储存,0,[dɪˈpɔzɪt],🟡 中高频进阶词汇
depth,n. 深，深度,0,[depθ],🟡 中高频进阶词汇
describe,vt. 描写，叙述,0,[dɪˈskraɪb],🟡 中高频进阶词汇
description,n. 描述，描写,0,[dɪˈskrɪpʃ(ə)n],🟡 中高频进阶词汇
desert,n. 沙漠 vt. 舍弃； 遗弃,0,[dɪˈzɜːt],🟡 中高频进阶词汇
deserve,v.（不用于进行时态）应得，应受,0,[dɪˈzɜːv],🟡 中高频进阶词汇
design,n.& vt. n. 设计，策划 图案，图样，样式,0,[dɪˈzaɪn],🟡 中高频进阶词汇
desire,vt. & n. 要求；期望,0,[dɪˈzaɪə(r)],🟡 中高频进阶词汇
desk,n. 书桌，写字台,0,[desk],🟡 中高频进阶词汇
desperate,a.（因绝望而）不惜冒险的，不顾一切的，拼命的,0,[ˈdespərət],🟡 中高频进阶词汇
dessert,n. 甜点,0,[dɪˈzɜːt],🟡 中高频进阶词汇
destination,n.目的地，终点,0,[destɪˈneɪʃ(ə)n],🟡 中高频进阶词汇
destroy,vt. 破坏，毁坏,0,[dɪˈstrɔɪ],🟡 中高频进阶词汇
detective,n. 侦探,0,[dɪˈtektɪv],🟡 中高频进阶词汇
determination,n. 决心,0,[dɪtɜːmɪˈneɪʃ(ə)n],🟡 中高频进阶词汇
determine,vt. 决定；决心,0,[dɪˈtɜːmɪn],🟡 中高频进阶词汇
develop,v. （使）发展；（使）发达；（使）发育；开发 vt. 冲洗（照片）,0,[dɪˈveləp],🟡 中高频进阶词汇
development,n. 发展，发达，发育，开发,0,[dɪˈveləpmənt],🟡 中高频进阶词汇
devote,"vt. 把…奉献, 把…专用（于）",1,[dɪˈvəʊt],🟡 中高频进阶词汇
devotion,n. 奉献，奉献精神,0,[dɪˈvəʊʃ(ə)n],🟡 中高频进阶词汇
diagram,n. 图表，图样,0,[ˈdaɪəɡræm],🟡 中高频进阶词汇
dial,vt. 拨（电话号码）,0,[ˈdaɪ(ə)l],🟡 中高频进阶词汇
dialogue (美 dialog),n. 对话,0,[ˈdaɪəlɔɡ; (US) ˈdaɪəlɔːɡ],🟡 中高频进阶词汇
diamond,n. 钻石，金刚石；纸牌中的方块,0,[ˈdaɪəmənd],🟡 中高频进阶词汇
diary,n. 日记；日记簿,0,[ˈdaɪərɪ],🟡 中高频进阶词汇
dictation,n. 听写,0,[dɪkˈteɪʃ(ə)n],🟡 中高频进阶词汇
dictionary,n. 词典，字典,0,[ˈdɪkʃənərɪ; (US) ˈdɪkʃənerɪ],🟡 中高频进阶词汇
die,v. 死,0,[daɪ],🟡 中高频进阶词汇
diet,n. 饮食,0,[daɪ],🟡 中高频进阶词汇
differ,v. 相异，有区别,0,[ˈdɪfə(r)],🟡 中高频进阶词汇
difference,n. 不同,0,[ˈdɪfrəns],🟡 中高频进阶词汇
different,a. 不同的，有差异的,0,[ˈdɪfrənt],🟡 中高频进阶词汇
difficult,a.难；艰难；不易相处,0,[ˈdɪfɪkəlt],🟡 中高频进阶词汇
difficulty,n. 困难，费力,0,[ˈdɪfɪkəltɪ],🟡 中高频进阶词汇
"dig (dug, dug)","v. 挖（洞沟）,掘",0,[dɪɡ],🟡 中高频进阶词汇
digest,"v.消化, 领会",0,"[dɪˈdʒest, daɪˈdʒest]",🟡 中高频进阶词汇
digital,a. .数字的，数码的,0,[ˈdɪdʒɪt(ə)l],🟡 中高频进阶词汇
dignity,n. 庄重，庄严，尊严。尊贵，高尚,0,[ˈdɪɡnɪtɪ],🟡 中高频进阶词汇
dilemma,n. （进退两难的）窘境，困境,0,[daɪˈlemə],🟡 中高频进阶词汇
dimension,n.量度，尺寸，面积，程度，范围,0,[dɪˈmenʃ(ə)n],🟡 中高频进阶词汇
dine,v. 吃饭；（指正式）进餐,0,[daɪn],🟡 中高频进阶词汇
dining-room,食堂，饭厅,0,[ˈdainiŋ-rʊm],🟡 中高频进阶词汇
dinner,n. 正餐，宴会,0,[ˈdɪnə(r)],🟡 中高频进阶词汇
dinosaur,n. 恐龙,0,[ˈdaɪnəsɔː(r)],🟡 中高频进阶词汇
dioxide,n.二氧化物,0,[daɪˈɔksaɪd],🟡 中高频进阶词汇
dip,vt. 浸，蘸；把…放入又取出,0,[dɪp],🟡 中高频进阶词汇
diploma,n.毕业文凭；学位证书,0,[dɪˈpləʊmə],🟡 中高频进阶词汇
direct,a. / vt. 直接的；直达的；直截了当的 指挥；指导；监督；管理；指挥（演奏）；导演（电影）,0,"[dɪˈrekt, daɪˈrekt]",🟡 中高频进阶词汇
direction,n. 方向；方位,0,"[dɪˈrekʃ(ə)n, daɪˈrekʃ(ə)n]",🟡 中高频进阶词汇
director,n. 所长，处长，主任；董事；导演,0,[dɪˈrektə(r)],🟡 中高频进阶词汇
directory,n. 姓名地址录,0,[dɪˈrektərɪ],🟡 中高频进阶词汇
dirt,n. 污物；脏物,0,[dɜːt],🟡 中高频进阶词汇
dirty,a. 脏的,0,[ˈdɜːtɪ],🟡 中高频进阶词汇
disability,n.. 残疾；无能,0,[dɪsəˈbɪlɪtɪ],🟡 中高频进阶词汇
disabled,a. 残废的，残疾的,0,[dɪsˈeɪb(ə)ld],🟡 中高频进阶词汇
disadvantage,n. 不利条件；弱点,0,[dɪsədˈvɑːntɪdʒ],🟡 中高频进阶词汇
disagree,vi. 意见不一致，持不同意见,0,[dɪsəˈɡriː],🟡 中高频进阶词汇
disagreement,n. 意见不一致；相违；争论,0,[dɪsəˈɡriːmənt],🟡 中高频进阶词汇
disappear,vi. 消失,0,[dɪsəˈpɪə(r)],🟡 中高频进阶词汇
disappoint,vt. 使失望,0,[dɪsəˈpɔɪnt],🟡 中高频进阶词汇
disappointment,n. 失望；沮丧,0,[dɪsəˈpɔɪntmənt],🟡 中高频进阶词汇
disaster,n. 灾难；祸患,0,[dɪˈzɑːstə(r); (US) dɪzˈæstər],🟡 中高频进阶词汇
discount,n. 折扣,0,[ˈdɪskaʊnt],🟡 中高频进阶词汇
discourage,vt. （使）气馁；打消（做…的念头）,0,[dɪˈskʌrɪdʒ],🟡 中高频进阶词汇
discover,vt. 发现,0,[dɪˈskʌvə(r)],🟡 中高频进阶词汇
discovery,n. 发现,0,[dɪˈskʌvərɪ],🟡 中高频进阶词汇
discrimination,n. 歧视,0,[dɪskrɪmɪˈneɪʃ(ə)n],🟡 中高频进阶词汇
discuss,vt. 讨论，议论,0,[dɪsˈkʌs],🟡 中高频进阶词汇
discussion,n. 讨论，辩论,0,[dɪsˈkʌʃ(ə)n],🟡 中高频进阶词汇
disease,n. 病，疾病,0,[dɪˈziːz],🟡 中高频进阶词汇
disgusting,a.极糟的，令人不快的，令人厌恶的,0,[dɪsˈɡʌstɪŋ],🟡 中高频进阶词汇
dish,n. 盘，碟；盘装菜；盘形物,0,[dɪʃ],🟡 中高频进阶词汇
disk =disc,n. 磁盘,0,[dɪsk],🟡 中高频进阶词汇
dislike,vt. 不喜爱；厌恶,0,[dɪsˈlaɪk],🟡 中高频进阶词汇
dismiss,vt. 让……离开；遣散；解散；解雇,0,[dɪsˈmɪs],🟡 中高频进阶词汇
disobey,vt. 不服从,0,[dɪsəˈbeɪ],🟡 中高频进阶词汇
distance,n. 距离,0,[ˈdɪstəns],🟡 中高频进阶词汇
distant,a. 远的，遥远的,0,[ˈdɪst(ə)nt],🟡 中高频进阶词汇
distinction,"n.差别,区别,优秀,卓越",0,[dɪˈstɪŋkʃ(ə)n],🟡 中高频进阶词汇
distinguish,v. 区分，辨别，分清,0,[dɪˈstɪŋɡwɪʃ],🟡 中高频进阶词汇
distribute,v. 分发，分配,0,[dɪˈstrɪbjuːt],🟡 中高频进阶词汇
district,n. 区；地区；区域,0,[ˈdɪstrɪkt],🟡 中高频进阶词汇
disturb,vt. 扰乱；打扰,0,[dɪˈstɜːb],🟡 中高频进阶词汇
disturbing,a. 令人不安的，引起恐慌的,0,[dɪˈstɜːbɪŋ],🟡 中高频进阶词汇
dive,vi. 跳水,0,[daɪv],🟡 中高频进阶词汇
diverse,v. 不同的，多种多样，形形色色的,0,[daɪˈvɜːs],🟡 中高频进阶词汇
divide,vt. 分，划分,0,[dɪˈvaɪd],🟡 中高频进阶词汇
division,n. （算术用语）除,0,[dɪˈvɪʒ(ə)n],🟡 中高频进阶词汇
divorce,v. 离婚,0,[dɪˈvɔːs],🟡 中高频进阶词汇
dizzy,a. 头眩目晕的,0,[ˈdɪzɪ],🟡 中高频进阶词汇
"do (did, done) donˈt=do not",v. & aux. 做，干（用以构成疑问句及否定句。第三人称单数现在时用does） 不做，不干,0,"[dʊ, duː]",🟡 中高频进阶词汇
doctor,n. 医生，大夫；博士,0,[ˈdɔktə(r)],🟡 中高频进阶词汇
document,n. 文件；文献,0,[ˈdɔkjʊmənt],🟡 中高频进阶词汇
does doesnˈt = does not,v. 动词do的第三人称单数现在式,0,[],🟡 中高频进阶词汇
dog,n. 狗,0,[dɔɡ; (US) dɔːɡ],🟡 中高频进阶词汇
doll,n. 玩偶，玩具娃娃,0,[dɔl; (US) dɔːl],🟡 中高频进阶词汇
dollar,n. 元（美国、加拿大、澳大利亚等国货币单位）,0,[dɔl; (US) dɔːl],🟡 中高频进阶词汇
door,n. 门,0,[dɔː(r)],🟡 中高频进阶词汇
dormitory,n. 学生宿舍（缩写式dorm）,0,[ˈdɔːmɪtərɪ; (US) ˈdɔːrmɪtɔːrɪ],🟡 中高频进阶词汇
dot,n. 点，小点，圆点,0,[dɔt],🟡 中高频进阶词汇
double,a. 两倍.双的 n. 两个.双,0,[ˈdʌb(ə)l],🟡 中高频进阶词汇
doubt,n.& v. 怀疑，疑惑,0,[daʊt],🟡 中高频进阶词汇
down,prep. 沿着，沿…而下 ad. 向下,0,[daʊn],🟡 中高频进阶词汇
download,n.& v. 下载,0,[ˈdaunləud],🟡 中高频进阶词汇
downstairs,ad. 在楼下；到楼下,0,[ˈdaʊnsteəz],🟡 中高频进阶词汇
downtown,ad. 往或在城市的商业区（或中心区、闹市区） n. 城市的商业区，中心区，闹市区 a.城市的商业区的，中心区的，闹市区的,0,[ˈdaʊntaʊn],🟡 中高频进阶词汇
downward,ad. 向下,0,[ˈdaʊnwəd],🟡 中高频进阶词汇
dozen,n. 十二个；几十，许多,0,[ˈdaʊnwəd],🟡 中高频进阶词汇
Dr(缩) = Doctor,n. 医生，大夫；博士,0,[],🟡 中高频进阶词汇
draft,n. / v. 草稿，草案，起草，草拟,0,[drɑːft; (US) dræft],🟡 中高频进阶词汇
drag,v. 拖；拽,0,[dræɡ],🟡 中高频进阶词汇
"draw (drew, drawn)",v. 绘画；绘制；拉，拖；提取（金钱）,0,[drɔː],🟡 中高频进阶词汇
drawback,n.缺点，不利条件,0,[ˈdrɔːbæk],🟡 中高频进阶词汇
drawer,n. 抽屉,0,[ˈdrɔːə(r)],🟡 中高频进阶词汇
drawing,"n. 图画，素描,绘画",0,[ˈdrɔːɪŋ],🟡 中高频进阶词汇
"dream (dreamt, dreamt 或--ed, --ed)",n.& vt. 梦，梦想,0,[driːm],🟡 中高频进阶词汇
dress,n. 女服，连衣裙；(统指)服装；童装 v. 穿衣；穿着,0,[dres],🟡 中高频进阶词汇
drier =dryer,n. 烘干机；吹风机,0,[ˈdraɪə(r)],🟡 中高频进阶词汇
drill,n. 钻头；（反复的）训练 vt. 钻(孔)， 在…上钻孔；重复训练,0,[drɪl],🟡 中高频进阶词汇
drink,n. 饮料；喝酒 ,0,[drɪŋk],🟡 中高频进阶词汇
"drink(drank,drunk)",v. 喝，饮,0,[drɪŋk],🟡 中高频进阶词汇
"drive(drove,driven)",v. 驾驶，开（车）；驱赶,0,[draɪv],🟡 中高频进阶词汇
driver,n. 司机，驾驶员,0,[ˈdraɪvə(r)],🟡 中高频进阶词汇
drop,n.滴 v.掉下.落下.投递.放弃,0,[drɔp],🟡 中高频进阶词汇
drown,vi. 溺死；淹没,0,[draʊn],🟡 中高频进阶词汇
drug,n. 药，药物；毒品,0,[drʌɡ],🟡 中高频进阶词汇
drum,n. 鼓,0,[drʌm],🟡 中高频进阶词汇
drunk,a. 醉的,0,[drʌŋk],🟡 中高频进阶词汇
dry,v. 使…干；弄干；擦干 a. 干的；干燥的,0,[draɪ],🟡 中高频进阶词汇
duck,n. 鸭子,0,[dʌk],🟡 中高频进阶词汇
due,a. 预期的；约定的,0,[djuː; (US) duː],🟡 中高频进阶词汇
dull,a. 阴暗的；单调无味,0,[dʌl],🟡 中高频进阶词汇
dumpling,n. 饺子,0,[ˈdʌmplɪŋ],🟡 中高频进阶词汇
during,prep. 在…期间；在…过程中,0,[ˈdjʊərɪŋ; (US) ˈdʊərɪŋ],🟡 中高频进阶词汇
dusk,n. 黄昏,0,[dʌsk],🟡 中高频进阶词汇
dust,n. 灰尘，尘土,0,[dʌst],🟡 中高频进阶词汇
dustbin,n. 垃圾箱,0,[ˈdʌstbɪn],🟡 中高频进阶词汇
dusty,a. 尘土般的，尘土多的,0,[ˈdʌstɪ],🟡 中高频进阶词汇
duty,n. 责任，义务,0,[ˈdjuːtɪ; (US) ˈduːtɪ],🟡 中高频进阶词汇
DVD,数码影碟(digital versatile disk),0,[ˈdi:ˈvi:ˈdi:],🟡 中高频进阶词汇
Dynamic,"a.充满活力,精力充沛的",0,[daɪˈnæmɪk],🟡 中高频进阶词汇
Dynasty,n.王朝，朝代,0,[ˈdɪnəstɪ; (US) ˈdaɪnəstɪ],🟡 中高频进阶词汇
each,a.& pron.每人.每个.每件,0,[iːtʃ],🟡 中高频进阶词汇
eager,a. 渴望的，热切的,0,[ˈiːɡə(r)],🟡 中高频进阶词汇
eagle,n. 鹰,0,[ˈiːɡ(ə)l],🟡 中高频进阶词汇
ear,n.耳朵.耳状物；听力，听觉,0,[ɪə(r)],🟡 中高频进阶词汇
early,a. 早的 ad. 早地,0,[ɜːlɪ],🟡 中高频进阶词汇
earn,vt. 挣得，赚得,0,[ɜːn],🟡 中高频进阶词汇
earth,n. 地球；土，泥；大地,0,[ɜːθ],🟡 中高频进阶词汇
earthquake,n. 地震,0,[ˈɜːθkweɪk],🟡 中高频进阶词汇
ease,v. 减轻；缓解（难度或严重程度）,0,[iːz],🟡 中高频进阶词汇
easily,ad. 容易地,0,[ˈiːzɪlɪ],🟡 中高频进阶词汇
east,a. 东方；东部的；朝东的；从东方来 ad. 在东方；向东方；从东方 n. 东，东方；东部,0,[iːst],🟡 中高频进阶词汇
Easter,n. 复活节,0,[ˈiːstə(r)],🟡 中高频进阶词汇
eastern,a. 东方的；东部的,0,[ˈiːst(ə)n],🟡 中高频进阶词汇
eastwards,ad. 向东,0,[ˈiːstwədz],🟡 中高频进阶词汇
easy,a. 容易的，不费力的,0,[ˈiːzɪ],🟡 中高频进阶词汇
easy--going,a. 随和的,0,[ˈiːzɪ-ˈɡəʊɪŋ],🟡 中高频进阶词汇
"eat (ate, eaten)",v. 吃,0,[iːt],🟡 中高频进阶词汇
ecology,n. 生态，生态学,0,[ɪˈkɔlədʒɪ],🟡 中高频进阶词汇
edge,n. 边缘,0,[edʒ],🟡 中高频进阶词汇
edition,n.（发行物的）版，版（本）,0,[ɪˈdɪʃ(ə)n],🟡 中高频进阶词汇
editor,n. 编辑,0,[ˈedɪtə(r)],🟡 中高频进阶词汇
educate,vt. 教育，培养,0,[ˈedjʊkeɪt],🟡 中高频进阶词汇
educator,n. 教育家,0,[ˈedju:keitə(r)],🟡 中高频进阶词汇
education,n. 教育，培养,0,[edjʊˈkeɪʃ(ə)n],🟡 中高频进阶词汇
effect,n. 效果；作用,0,[ɪˈfekt],🟡 中高频进阶词汇
effort,n. 努力，艰难的尝试,0,[ˈefət],🟡 中高频进阶词汇
egg,n. 蛋；卵,0,[eɡ],🟡 中高频进阶词汇
eggplant,n. 茄子,0,[ˈeɡplɑːnt],🟡 中高频进阶词汇
Egypt*,n. 埃及,0,[ˈiːdʒɪpt],🟡 中高频进阶词汇
Egyptian,a. 埃及的；埃及人的；埃及语的 n. 埃及人,0,[ɪˈdʒɪpʃ(ə)n],🟡 中高频进阶词汇
eight,num. 八,0,[eɪt],🟡 中高频进阶词汇
eighteen,num. 十八,0,[ˈeɪˈtiːn],🟡 中高频进阶词汇
eighth,num. 第八,0,[eɪtθ],🟡 中高频进阶词汇
eighty,num. 八十,0,[ˈeɪtɪ],🟡 中高频进阶词汇
either,a. 两方任一方的；二者之一 conj. 二者之一；要么……,0,[ˈaɪðə(r)],🟡 中高频进阶词汇
ad.,(用于否定句或短语后)也,0,[æd],🟡 中高频进阶词汇
elder,n. 长者；前辈,0,[ˈeldə(r)],🟡 中高频进阶词汇
elect,vt. （投票）选举,0,[ɪˈlekt],🟡 中高频进阶词汇
electric,a. 电的,0,[ɪˈlektrɪk],🟡 中高频进阶词汇
electrical,a. 电的；电器的,0,[ɪˈlektrɪk(ə)l],🟡 中高频进阶词汇
electricity,n. 电；电流,0,[ɪlekˈtrɪsɪtɪ],🟡 中高频进阶词汇
electronic,a. 电子的,0,[ɪlekˈtrɔnɪk],🟡 中高频进阶词汇
elegant,"a.文雅的,漂亮的,精美的",0,[ˈelɪɡənt],🟡 中高频进阶词汇
elephant,n. 象,0,[ˈelɪfənt],🟡 中高频进阶词汇
eleven,num. 十一,0,[ɪˈlev(ə)n],🟡 中高频进阶词汇
else,ad. 别的，其他的,0,[els],🟡 中高频进阶词汇
e-mail/email,n. 电子邮件,0,[iː- meɪl],🟡 中高频进阶词汇
embarrass,v.使窘迫，尴尬,0,[ɪmˈbærəs],🟡 中高频进阶词汇
embassy,n. 大使馆,0,[ˈembəsɪ],🟡 中高频进阶词汇
emergency,n.紧急情况或状态,0,[ɪˈmɜːdʒənsɪ],🟡 中高频进阶词汇
emperor,n. 皇帝,0,[ˈempərə(r)],🟡 中高频进阶词汇
empire,n. 帝国,0,[ˈempaɪə(r)],🟡 中高频进阶词汇
employ,vt. 雇佣,0,[ɪmˈplɔɪ],🟡 中高频进阶词汇
empty,a. 空的,0,[ˈemptɪ],🟡 中高频进阶词汇
encourage,vt. 鼓励,0,[ɪnˈkʌrɪdʒ],🟡 中高频进阶词汇
encouragement,n. 鼓励,0,[ɪnˈkʌrɪdʒmənt],🟡 中高频进阶词汇
end,n. 末尾；终点；结束 v. 结束，终止,0,[end],🟡 中高频进阶词汇
ending,n. 结局；结尾，最后,0,[ˈendɪŋ],🟡 中高频进阶词汇
endless,a. 无止境的； 没完的,0,[ˈendlɪs],🟡 中高频进阶词汇
enemy,n. 敌人；敌军,0,[ˈenɪmɪ],🟡 中高频进阶词汇
energetic,a. 精力旺盛的,0,[enəˈdʒetɪk],🟡 中高频进阶词汇
energ,y n. 精力，能量,0,[ˈenədʒɪ],🟡 中高频进阶词汇
engine,n. 发动机，引擎,0,[ˈendʒɪn],🟡 中高频进阶词汇
engineer,n. 工程师；技师,0,[endʒɪˈnɪə(r)],🟡 中高频进阶词汇
England*,n. 英格兰,0,[ˈɪŋɡlənd],🟡 中高频进阶词汇
English,a. 英国的，英国人的，英语的 n. 英语,0,[ˈɪŋɡlɪʃ],🟡 中高频进阶词汇
English -speaking,a.说英语的,0,[ˈɪŋɡlɪʃ-spiːk],🟡 中高频进阶词汇
enjoy,vt.欣赏；享受乐趣；喜欢,0,[ɪnˈdʒɔɪ],🟡 中高频进阶词汇
enjoyable,a. 愉快的；有趣的,0,[ɪnˈdʒɔɪəb(ə)l],🟡 中高频进阶词汇
enlarge,vt. 扩大,0,[ɪnˈlɑːdʒ],🟡 中高频进阶词汇
enough,n. 足够；充足 a. 足够；充分的 ad. 足够地；充分地,0,[ɪˈnʌf],🟡 中高频进阶词汇
enquiry,n. 询问,0,[ɪnˈkwaɪərɪ],🟡 中高频进阶词汇
enter,vt. 进入,0,[ˈentə(r)],🟡 中高频进阶词汇
enterprise,n.公司，企，事业单位,0,[ˈentəpraɪz],🟡 中高频进阶词汇
entertainment,n. 娱乐,0,[entəˈteɪnmənt],🟡 中高频进阶词汇
enthusiastic,a.热情的，热心的,0,[ɪnθjuːzɪˈæstɪk],🟡 中高频进阶词汇
entire,a. 整个的，全部的,0,[ɪnˈtaɪə(r)],🟡 中高频进阶词汇
entrance,n. 入口；入场；进入的权利;入学许可,0,[ˈentrəns],🟡 中高频进阶词汇
entry,n. 进入,0,[ˈentrɪ],🟡 中高频进阶词汇
envelope,n. 信封,0,[ˈenvələʊp],🟡 中高频进阶词汇
environment,n.环境,0,[ɪnˈvaɪərənmənt],🟡 中高频进阶词汇
envy,vt.& n. 忌妒； 羡慕,0,[ˈenvɪ],🟡 中高频进阶词汇
equal,a.平等的 vt.等于，使等于,0,[ˈiːkw(ə)l],🟡 中高频进阶词汇
equality,n. 平等,0,[iːˈkwɔlətɪ],🟡 中高频进阶词汇
equip,vt. 提供设备；装备；配备,0,[ɪˈkwɪp],🟡 中高频进阶词汇
equipment,n. 装备，设备,0,[ɪˈkwɪpmənt],🟡 中高频进阶词汇
eraser,n. 橡皮擦；黑板擦,0,[ɪˈreɪzə(r)],🟡 中高频进阶词汇
error,n. 错误；差错,0,[ˈerə(r)],🟡 中高频进阶词汇
erupt,v.（火山）爆发，喷发,0,[ɪˈrʌpt],🟡 中高频进阶词汇
escape,n.& vi. 逃跑；逃脱,0,[ɪˈskeɪp],🟡 中高频进阶词汇
especially,ad. 特别，尤其,0,[ɪˈspeʃəlɪ],🟡 中高频进阶词汇
essay,n. 散文；文章；随笔,0,[ˈeseɪ],🟡 中高频进阶词汇
Europe*,n. 欧洲,0,[ˈjʊərəp],🟡 中高频进阶词汇
European,a. 欧洲的，欧洲人的 n. 欧洲人,0,[jʊərəˈpiːən],🟡 中高频进阶词汇
evaluate,v.估值，评价，评估,0,[ɪˈvæljʊeɪt],🟡 中高频进阶词汇
even,ad. 甚至，连（…都）；更,0,[ˈiːv(ə)n],🟡 中高频进阶词汇
evening,n. 傍晚，晚上,0,[ˈiːvnɪŋ],🟡 中高频进阶词汇
event,n. 事件，大事,0,[ ɪˈvent],🟡 中高频进阶词汇
eventually,ad.最终地,0,[ɪˈventjʊəlɪ],🟡 中高频进阶词汇
ever,ad. 曾经；无论何时,0,[ˈevə(r)],🟡 中高频进阶词汇
every,a. 每一，每个的,0,[ˈevrɪ],🟡 中高频进阶词汇
everybody,pron.每人，人人,0,[],🟡 中高频进阶词汇
everyday,a. 每日的；日常的,0,[ˈevrɪbɔdɪ],🟡 中高频进阶词汇
everyone,pron. 每人，人人,0,[ˈevrɪwʌn],🟡 中高频进阶词汇
everything,pron. 每件事，事事,0,[ˈevrɪθɪŋ],🟡 中高频进阶词汇
everywhere,ad. 到处,0,[ˈevrɪweə(r)],🟡 中高频进阶词汇
evidence,n. 证据，证明,0,[ˈevɪdəns],🟡 中高频进阶词汇
evident,a.清楚的，显而易见的,0,[ˈevɪdənt],🟡 中高频进阶词汇
evolution,n. 进化，演变,0,[iːvəˈluːʃ(ə)n; (US) ev-],🟡 中高频进阶词汇
exact,a. 精确的；确切的,0,[ɪɡˈzækt],🟡 中高频进阶词汇
exactly,ad. 精确地；确切地,0,[exˈact·ly],🟡 中高频进阶词汇
exam = examination,n. 考试，测试；检查；审查,0,[ɪɡzæmɪˈneɪʃ(ə)n],🟡 中高频进阶词汇
examine,vt. 检查；诊察,0,[ɪɡˈzæmɪn],🟡 中高频进阶词汇
example,n. 例子；榜样,0,[ɪɡˈzɑːmp(ə)l; (US) ɪɡˈzæmpl],🟡 中高频进阶词汇
excellent,a. 极好的，优秀的,0,[ˈeksələnt],🟡 中高频进阶词汇
except,prep. 除……之外,0,[ɪkˈsept],🟡 中高频进阶词汇
exchange,n. 交换，掉换；交流,0,[ɪksˈtʃeɪndʒ],🟡 中高频进阶词汇
excite,vt. 使兴奋，使激动,0,[ɪkˈsaɪt],🟡 中高频进阶词汇
excuse,n.借口.辩解 vt.原谅.宽恕,0,[ɪkˈskjuːz],🟡 中高频进阶词汇
exercise,n. 锻炼，做操；练习，习题 vi. 锻炼,0,[ˈeksəsaɪz],🟡 中高频进阶词汇
exhibition,n. 展览；展览会,0,[eksɪˈbɪʃ(ə)n],🟡 中高频进阶词汇
exist,vi. 存在,0,[ɪgˈzɪst],🟡 中高频进阶词汇
existence,n.存在；生存；存在物,0,[ɪɡˈzɪst(ə)ns],🟡 中高频进阶词汇
exit,n. 出口，太平门,0,[ˈeksɪt],🟡 中高频进阶词汇
expand,v.扩大，增加，扩展,0,[ɪkˈspænd],🟡 中高频进阶词汇
expect,vt. 预料；盼望；认为,0,[ɪkˈspekt],🟡 中高频进阶词汇
expectation,n. 预料；期望,0,[ekspekˈteɪʃ(ə)n],🟡 中高频进阶词汇
expense,n. 消费； 支出,0,[ɪkˈspens],🟡 中高频进阶词汇
expensive,a. 昂贵的,0,[ɪkˈspensɪv],🟡 中高频进阶词汇
experience,n. 经验；经历,0,[ɪkˈspɪərɪəns],🟡 中高频进阶词汇
experiment,n. 实验,0,[ɪkˈsperɪmənt],🟡 中高频进阶词汇
expert,n. 专家，能手,0,[ˈekspɜːt],🟡 中高频进阶词汇
explain,vt. 解释，说明,0,[ɪksˈpleɪn],🟡 中高频进阶词汇
explanation,n. 解释，说明,0,[ekspləˈneɪʃ(ə)n],🟡 中高频进阶词汇
explicit,"a.清楚明白,易于理解的",0,[ɪkˈsplɪsɪt],🟡 中高频进阶词汇
explode,v. （使）爆炸,0,[ɪkˈspləʊd],🟡 中高频进阶词汇
exploit,vt.开采.开发.利用.剥削,0,[],🟡 中高频进阶词汇
explore,v. 探险,0,[ɪkˈsplɔː(r)],🟡 中高频进阶词汇
explorer,n. 探险者,0,[ɪkˈsplɔːrə(r)],🟡 中高频进阶词汇
export,n. / v.出口，输出,0,[ɪkˈspɔːt],🟡 中高频进阶词汇
expose,vt. 揭露,0,[ɪkˈspəʊz; (US) ekspəˈzeɪ],🟡 中高频进阶词汇
express,vt. 表达；表示；表情 n. 快车，特快专递,0,[ɪkˈspres],🟡 中高频进阶词汇
expression,n. 表达；词句；表示，说法；表情,0,[ɪkˈspreʃ(ə)n],🟡 中高频进阶词汇
extension,n.扩大，延伸,0,[ɪkˈstenʃ(ə)n],🟡 中高频进阶词汇
extra,a. 额外的，外加的,0,[ˈekstrə],🟡 中高频进阶词汇
extraordinary,a. 离奇的；使人惊奇的,0,[ɪkˈstrɔːdɪnərɪ; (US) -dənerɪ],🟡 中高频进阶词汇
extreme,a. 极其的，非常的,0,[ɪkˈstriːm],🟡 中高频进阶词汇
extremely,ad. 极其，非常,0,[ɪkˈstriːmlɪ],🟡 中高频进阶词汇
eye,n. 眼睛,0,[aɪ],🟡 中高频进阶词汇
eyesight,n. 视力；视觉,0,[ˈaɪsaɪt],🟡 中高频进阶词汇
eyewitness,n. 目击证人,0,[ˈaɪwɪtnɪs],🟡 中高频进阶词汇
"f (缩) =female (或 =foot,feet)",n. 女(的)；雌(的)； 英尺,0,[ef],🟡 中高频进阶词汇
face,n. 脸 vt. 面向；面对,0,[feɪs],🟡 中高频进阶词汇
facial,a. 面部用的,0,[ˈfeɪʃ(ə)l],🟡 中高频进阶词汇
fact,n. 事实，现实,0,[fækt],🟡 中高频进阶词汇
factory,n. 工厂,0,[],🟡 中高频进阶词汇
fade,vi. 褪色，（颜色）消退,0,[feɪd],🟡 中高频进阶词汇
fail,v. 失败；不及格；衰退,0,[feɪl],🟡 中高频进阶词汇
failure,n. 失败,0,[ˈfeɪljə(r)],🟡 中高频进阶词汇
fair,a. 公平的，合理的 a. (肤色)白皙的； （人）白肤金发的 n. 集市；庙会；展览会,0,[feə(r)],🟡 中高频进阶词汇
fairly,ad. 公正地，正当地；相当（程度）地,0,[ˈfeəlɪ],🟡 中高频进阶词汇
fairness,n. 公平；公正,0,[ˈfɛənis],🟡 中高频进阶词汇
faith,n. 信仰；信念,0,[feɪθ],🟡 中高频进阶词汇
fall,n. （美）秋季,0,[fɔːl],🟡 中高频进阶词汇
fall,"(fell, fallen) vi. 落（下），降落；倒",0,[fɔːl],🟡 中高频进阶词汇
false,a. 不正确的；假的,0,[fɔːls],🟡 中高频进阶词汇
familiar,a. 熟悉的,0,[fəˈmɪlɪə(r)],🟡 中高频进阶词汇
family,n. 家庭；家族；子女,0,[ˈfæmɪlɪ],🟡 中高频进阶词汇
family name,姓氏,0,[],🟡 中高频进阶词汇
famous,a. 著名的,0,[ˈfeɪməs],🟡 中高频进阶词汇
fan,n. （电影、运动等的）迷；热心的爱好者（支持者） n. 风扇,0,[fæn],🟡 中高频进阶词汇
fancy,a.花式；装饰的；奇特的,0,[ˈfænsɪ],🟡 中高频进阶词汇
fantastic,a. (口语)极好的，美妙的，很棒的,0,[],🟡 中高频进阶词汇
fantasy,n 幻想，梦想,0,[ˈfæntəsɪ],🟡 中高频进阶词汇
far,"(farther, farthest 或further , furthest) a.& ad. 远的；远地",0,[fɑː(r)],🟡 中高频进阶词汇
fare,n.（车或船的）费用，票（价）,0,[feə(r)],🟡 中高频进阶词汇
farm,n. 农场；农庄,0,[fɑːm],🟡 中高频进阶词汇
farmer,n. 农民,0,[ˈfɑːmə(r)],🟡 中高频进阶词汇
fast,a. 快的，迅速的；紧密的 ad. 快地，迅速地；紧密地,0,[fɑːst; (US) fæst],🟡 中高频进阶词汇
fasten,vt. 扎牢；扣住,0,[ˈfɑːs(ə)n; (US) fæsn],🟡 中高频进阶词汇
fat,n. 脂肪 a. 胖的；肥的,0,[fæt],🟡 中高频进阶词汇
father,n. 父亲,0,[ˈfɑːðə(r)],🟡 中高频进阶词汇
fault,n. 缺点，毛病,0,[fɔːlt],🟡 中高频进阶词汇
favour,(美favor) n. 恩惠；好意；帮助,0,[ˈfeivə],🟡 中高频进阶词汇
favourite,(美 favorite) a. 喜爱的 n. 特别喜爱的人（或物）,0,[ˈfeivərit],🟡 中高频进阶词汇
fax,n. 传真,0,[fæks],🟡 中高频进阶词汇
fear,n. 害怕；恐惧； 担忧,0,[fɪə(r)],🟡 中高频进阶词汇
feast,n.盛宴，宴会，（宗教的）节日,0,[fiːst],🟡 中高频进阶词汇
feather,n. 羽毛,0,[ˈfeðə(r)],🟡 中高频进阶词汇
February,n. 2月,0,[ˈfebruəri],🟡 中高频进阶词汇
federa,l a.中央的（政府）联邦的,0,[ˈfedər(ə)l],🟡 中高频进阶词汇
fee,n. 费，费用,0,[fiː],🟡 中高频进阶词汇
"feed (fed, fed)",vt. 喂（养）；饲（养）,0,[fiːd],🟡 中高频进阶词汇
"feel (felt, felt)",v.& link 感觉，觉得；摸，触,0,[fiːl],🟡 中高频进阶词汇
feeling,n. 感情；感觉,0,[ˈfiːlɪŋ],🟡 中高频进阶词汇
fellow,n. 同伴；伙伴,0,[ˈfeləʊ],🟡 中高频进阶词汇
female,a. 女的；女性的；雌性的,0,[ˈfiːmeɪl],🟡 中高频进阶词汇
fence,n. 栅栏；围栏；篱笆,0,[fens],🟡 中高频进阶词汇
ferry,n. 渡船,0,[ˈferɪ],🟡 中高频进阶词汇
festival,a. 节日的，喜庆的,0,[ˈfestɪvəl],🟡 中高频进阶词汇
fetch,vt. （去）取（物）来，（去）带（人）来,0,[fetʃ],🟡 中高频进阶词汇
fever,n. 发烧；发热,0,[ˈfiːvə(r)],🟡 中高频进阶词汇
few,pron. 不多；少数 不多的；少数的,0,[fjuː],🟡 中高频进阶词汇
fibre,(美fiber) n. 纤维质,0,[ˈfaibə],🟡 中高频进阶词汇
fiction,n.小说，虚构的事,0,[ˈfɪkʃ(ə)n],🟡 中高频进阶词汇
field,n. 田地；牧场；场地,0,[fiːld],🟡 中高频进阶词汇
fierce,a. 猛烈的,0,[ˈfɪəs],🟡 中高频进阶词汇
fifteen,num. 十五,0,[fɪfˈtiːn],🟡 中高频进阶词汇
fifth,num. 第五,0,[fɪfθ],🟡 中高频进阶词汇
fifty,num. 五十,0,[ˈfɪftɪ],🟡 中高频进阶词汇
fight,n. 打仗（架），争论,0,[faɪt],🟡 中高频进阶词汇
fight,"(fought, fought) n. 打仗（架），与……打仗（架）",0,[faɪt],🟡 中高频进阶词汇
fighter,v. 战士；斗士,0,[ˈfaɪtə(r)],🟡 中高频进阶词汇
figure,n.数字；数目；图；图形；（人的）身型；人物；（绘画、雕刻）人物像 vt.（美口语）认为，判断.（在心里）想像，描绘,0,[ˈfɪɡə(r); (US) ˈfɪgjər],🟡 中高频进阶词汇
file,n.公文柜；档案(计算机)文档,0,[faɪl],🟡 中高频进阶词汇
fill,vt. 填空，装满,0,[fɪl],🟡 中高频进阶词汇
film,n. 电影；影片；胶卷vt. 拍摄，把……拍成电影,0,[fɪlm],🟡 中高频进阶词汇
final,a. 最后的；终极的,0,[ˈfaɪn(ə)l],🟡 中高频进阶词汇
finance,n.资金，财政，财务,0,[ˈfaɪnæns],🟡 中高频进阶词汇
find,"(found, found) vt. 找到，发现，感到",0,[faɪnd],🟡 中高频进阶词汇
fine,a. 细的；晴朗的；美好的；（身体）健康的 n.& v. 罚款,0,[faɪn],🟡 中高频进阶词汇
finger,n. 手指,0,[ˈfɪŋɡə(r)],🟡 中高频进阶词汇
fingernail,n. 指甲,0,[ˈfɪŋɡəneɪl],🟡 中高频进阶词汇
finish,v. 结束；做完,0,[ˈfɪnɪʃ],🟡 中高频进阶词汇
fire,n. 火；火炉；火灾 vi. 开火，开（枪，炮等），射击,0,[ˈfaɪə(r)],🟡 中高频进阶词汇
firefighter,n. 消防人员,0,[],🟡 中高频进阶词汇
fireplace,n. 壁炉,0,[ˈfaɪəpleɪs],🟡 中高频进阶词汇
firewood,n. 木柴,0,[ˈfairwud],🟡 中高频进阶词汇
firework,n. 焰火,0,[ˈfaɪəwɜːk],🟡 中高频进阶词汇
firm,"n.公司;企业 a.坚固的,坚定的",0,[fɜːm],🟡 中高频进阶词汇
firmly,ad. 牢牢地,0,[ˈfɜːmlɪ],🟡 中高频进阶词汇
first,num. 第一 a.& ad. 第一；首次；最初 n. 开始；开端,0,[fɜːst],🟡 中高频进阶词汇
fish,n. 鱼；鱼肉 vi. 钓鱼；捕鱼,0,[fɪʃ],🟡 中高频进阶词汇
fisherman,n. 渔民；钓鱼健身者,0,[ˈfɪʃəmən],🟡 中高频进阶词汇
fist,n. 拳(头),0,[fɪst],🟡 中高频进阶词汇
fit,"a. 健康的, 适合的 v. （使）适合，安装",0,[fɪt],🟡 中高频进阶词汇
fitting room,试衣间,0,[ˈfɪtɪŋ-rʊm],🟡 中高频进阶词汇
five,num. 五,0,[faɪv],🟡 中高频进阶词汇
fix,vt. 修理；安装；确定，决定,0,[fɪks],🟡 中高频进阶词汇
flag,n. 旗；标志；旗舰,0,[flæɡ],🟡 中高频进阶词汇
flame,n. 火焰，光辉,0,[fleɪm],🟡 中高频进阶词汇
flaming,a. 火红的；火焰般的,0,[ˈfleɪmɪŋ],🟡 中高频进阶词汇
flash,n. 闪；闪光； 转瞬间,0,[flæʃ],🟡 中高频进阶词汇
flashlight,n. 手电,0,[flæʃ],🟡 中高频进阶词汇
flat,a. 平的 n. 楼中一套房间； 公寓(常用复数),0,[flæt],🟡 中高频进阶词汇
flee,"(fled, fled) v. 逃走；逃跑",0,[fliː],🟡 中高频进阶词汇
flexible,a.灵活的，可变动的,0,[ˈfleksəbl],🟡 中高频进阶词汇
flesh,n. 肉,0,[fleʃ],🟡 中高频进阶词汇
flight,n. 航班 n. 楼梯的一段,0,[flaɪt],🟡 中高频进阶词汇
float,vi. 漂浮，浮动,0,[fləʊt],🟡 中高频进阶词汇
flood,n. 洪水 vt. 淹没，使泛滥,0,[flʌd],🟡 中高频进阶词汇
floor,n.地面，地板.（楼房的）层,0,[flɔː(r)],🟡 中高频进阶词汇
flour,n. 面粉，粉,0,[ˈflaʊə(r)],🟡 中高频进阶词汇
flow,vi. 流动,0,[fləʊ],🟡 中高频进阶词汇
flower,n. 花,0,[ˈflaʊə(r)],🟡 中高频进阶词汇
flu,n. 流行性感冒,0,[fluː],🟡 中高频进阶词汇
fluency,n.（外语）流利，流畅,0,[ˈfluənsi],🟡 中高频进阶词汇
fluent,a. （外语）流利的，流畅,0,[ˈfluːənt],🟡 中高频进阶词汇
fly,n. 飞行；苍蝇,0,[ˈfluːənt],🟡 中高频进阶词汇
"fly (flew, flown)",vi. （鸟、飞机）飞；（人乘飞机）飞行；（旗子等）飘动 vt. 空运（乘客，货物等）；放（风筝、飞机模型等）,0,[flaɪ],🟡 中高频进阶词汇
focus,v. / n.集中（注意力，精力）于，焦点，中心点,0,[ˈfəʊkəs],🟡 中高频进阶词汇
fog,n. 雾,0,[fɔɡ],🟡 中高频进阶词汇
foggy,a. 多雾的,0,[ˈfɔɡɪ],🟡 中高频进阶词汇
fold,vt. 折叠；合拢,0,[fəʊld],🟡 中高频进阶词汇
folk,a. 民间的,0,[fəʊk],🟡 中高频进阶词汇
follow,vt. 跟随；仿效；跟得上,0,[ˈfɔləʊ],🟡 中高频进阶词汇
following,a. 接着的；以下的,0,[ˈfɔləʊwɪŋ],🟡 中高频进阶词汇
fond,a. 喜爱的，爱好的,0,[fɔnd],🟡 中高频进阶词汇
food,n. 食物，食品,0,[fɔnd],🟡 中高频进阶词汇
fool,n. 傻子，蠢人,0,[fuːl],🟡 中高频进阶词汇
foolish,a. 愚蠢的，傻的,0,[ˈfuːlɪʃ],🟡 中高频进阶词汇
foot (复 feet),n. 足，脚；英尺,0,[fʊt],🟡 中高频进阶词汇
football,n. （英式）足球；（美式）橄榄球,0,[ˈfʊtbɔːl],🟡 中高频进阶词汇
for,prep. 为了…；向…，往…；与…交换；防备…；适合…；因为…；在…期 间；对于…；对…来说 conj. 因为，由于,0,"[fə(r), fɔː(r)]",🟡 中高频进阶词汇
forbid,"(forbade, forbidden) vt. 禁止，不许",0,[fəˈbɪd],🟡 中高频进阶词汇
force,vt. 强迫，迫使,0,[fɔːs],🟡 中高频进阶词汇
forecast,n. & vt. 预告,0,[ˈfɔːkɑːst; (US) ˈfɔrkæst],🟡 中高频进阶词汇
forehead,n. 前额,0,[ˈfɔrɪd; (US) ˈfɔːrɪd],🟡 中高频进阶词汇
foreign,a. 外国的,0,[ˈfɔrən; (US) ˈfɔːrɪn],🟡 中高频进阶词汇
foreigner,n. 外国人,0,[ˈfɔrənə(r)],🟡 中高频进阶词汇
foresee,"(foresaw, foreseen) vt.预见.预知",0,[fɔːˈsiː],🟡 中高频进阶词汇
forest,n. 森林,0,[ˈfɔrɪst; (US) ˈfɔːrɪst],🟡 中高频进阶词汇
forever,ad. 永远；永恒的,0,[fəˈrevə(r)],🟡 中高频进阶词汇
forget,"(forgot, forgotten) v. 忘记；忘掉",0,[fəˈrevə(r)],🟡 中高频进阶词汇
forgetful,a. 健忘的，不留心的,0,[fəˈɡetfʊl],🟡 中高频进阶词汇
forgive,"(forgave, forgiven) vt. 原谅，宽恕",0,[fəˈɡɪv],🟡 中高频进阶词汇
fork,n. 叉，餐叉,0,[fɔːk],🟡 中高频进阶词汇
form,n. 表格；形式；结构,0,[fɔːm],🟡 中高频进阶词汇
format,n.安排，计划，设计,0,[ˈfɔːmæt],🟡 中高频进阶词汇
former,a. 以前的，从前的；（两者之中的）前者,0,[ˈfɔːmə(r)],🟡 中高频进阶词汇
fortnight,n. 十四日，两星期,0,[ˈfɔːtnaɪt],🟡 中高频进阶词汇
fortunate,a. 幸运的； 侥幸的,0,[ˈfɔːtʃənət],🟡 中高频进阶词汇
fortune,n. 财产；运气,0,"[ˈfɔːtjuːn, ˈfɔːtʃuːn]",🟡 中高频进阶词汇
forty,num. 四十,0,[ˈfɔːtɪ],🟡 中高频进阶词汇
forward,ad.将来.今后.向前，前进,0,[ˈfɔːwəd],🟡 中高频进阶词汇
found,vt. 成立，建立,0,[faʊnd],🟡 中高频进阶词汇
founding,n. 成立，建立,0,[ˈfaundiŋ],🟡 中高频进阶词汇
fountain,n. 喷泉,0,[ˈfaʊntɪn; (US) ˈfaʊntn],🟡 中高频进阶词汇
four,num. 四,0,[fɔː(r)],🟡 中高频进阶词汇
fourteen,num. 十四,0,[ˈfɔːˈtiːn],🟡 中高频进阶词汇
fourth,num. 第四,0,[ˈfɔːˈtiːn],🟡 中高频进阶词汇
fox,n. 狐狸,0,[fɔks],🟡 中高频进阶词汇
franc,n. 法郎,0,[fræŋk],🟡 中高频进阶词汇
France*,n. 法国,0,[fræns],🟡 中高频进阶词汇
fragile,a.易碎的，易损的,0,[ˈfrædʒaɪl; (US) ˈfrædʒl],🟡 中高频进阶词汇
fragrant,a. 香的，芳香的,0,[ˈfreɪɡrənt],🟡 中高频进阶词汇
framework,n.（建筑物）框架，结构,0,[ˈfreɪmwɜːk],🟡 中高频进阶词汇
free,a. 自由，空闲的；免费的,0,[friː],🟡 中高频进阶词汇
freedom,n. 自由,0,[ˈfriːdəm],🟡 中高频进阶词汇
freeway,n. 高速公路,0,[ˈfriːweɪ],🟡 中高频进阶词汇
freeze,"(froze, frozen) vi. 结冰",0,[friːz],🟡 中高频进阶词汇
freezing,a. 冻结的；极冷的,0,[ˈfri:ziŋ],🟡 中高频进阶词汇
French,n. 法语 a法国的；法国人的；法语的,0,[frentʃ],🟡 中高频进阶词汇
Frenchman,(复 Frenchmen) n. 法国人（男）,0,[ˈfrentʃmən],🟡 中高频进阶词汇
frequent,a. 经常的；频繁的,0,[ˈfriːkwənt],🟡 中高频进阶词汇
fresh,a. 新鲜的,0,[freʃ],🟡 中高频进阶词汇
Friday,n. 星期五,0,[ˈfraɪdɪ],🟡 中高频进阶词汇
friction,n. 摩擦,0,[ˈfrɪkʃ(ə)n],🟡 中高频进阶词汇
fridge =refrigerator,n. 冰箱,0,[rɪˈfrɪdʒəreɪtə(r)],🟡 中高频进阶词汇
fried,a. 油煎的,0,[fraid],🟡 中高频进阶词汇
friend,n. 朋友,0,[frend],🟡 中高频进阶词汇
friendly,a. 友好的,0,[ˈfrendlɪ],🟡 中高频进阶词汇
friendship,n. 友谊，友情,0,[ˈfrendʃɪp],🟡 中高频进阶词汇
fright,n. 惊恐；恐吓,0,[fraɪt],🟡 中高频进阶词汇
frighten,vt. 使惊恐，吓唬,0,[ˈfraɪt(ə)n],🟡 中高频进阶词汇
frog,n. 青蛙,0,[frɔɡ; (US) frɔːɡ],🟡 中高频进阶词汇
from,prep.从；从…起.距.来自,0,"[frəm, frɔm]",🟡 中高频进阶词汇
front,a. 前面的；前部的 n. 前面；前部；前线,0,[frʌnt],🟡 中高频进阶词汇
frontier,n. 前沿 ，边界；前线,0,[ˈfrʌntɪə(r); (US) frʌnˈtɪər],🟡 中高频进阶词汇
frost,n. 霜,0,[frɔst; (US) frɔːst],🟡 中高频进阶词汇
fruit,n. 水果；果实,0,[fruːt],🟡 中高频进阶词汇
fruit juice,n. 果汁,0,[fruːt dʒuːs],🟡 中高频进阶词汇
fry,vt. 用油煎；用油炸,0,[fraɪ],🟡 中高频进阶词汇
fuel,n. 燃料,0,[fjuːəl],🟡 中高频进阶词汇
full,a. 满的，充满的；完全的,0,[fʊl],🟡 中高频进阶词汇
fun,n. 有趣的事，娱乐，玩笑,0,[fʌn],🟡 中高频进阶词汇
function,"n. / v. 作用,功能,运转",0,[ˈfʌŋkʃən],🟡 中高频进阶词汇
fundamental,a. 十分重大的，根本的,0,[fʌndəˈment(ə)l],🟡 中高频进阶词汇
funeral,n. 葬礼,0,[ˈfjuːˈnər(ə)l],🟡 中高频进阶词汇
funny,a. 有趣的，滑稽可笑的,0,[ˈfʌnɪ],🟡 中高频进阶词汇
fur,n. 毛皮；皮子,0,[fɜː(r)],🟡 中高频进阶词汇
furnished,a. 配备了家具的,0,[ˈfə:niʃt],🟡 中高频进阶词汇
furniture,n. （总称）家具,0,[ˈfɜːnɪtʃə(r)],🟡 中高频进阶词汇
future,n. 将来,0,[ˈfjuːtʃə(r)],🟡 中高频进阶词汇
gain,vt. 赢得；挣得,0,[ɡeɪn],🟡 中高频进阶词汇
gale,n. 强风（约每小时60英里）,0,[ɡeɪl],🟡 中高频进阶词汇
gallery,n. 画廊；美术品陈列室,0,[ˈɡælərɪ],🟡 中高频进阶词汇
gallon,n. 加仑,0,[ˈɡælən],🟡 中高频进阶词汇
game,n. 游戏；运动；比赛,0,[ɡeɪm],🟡 中高频进阶词汇
garage,n. 汽车间（库）,0,"[ˈɡærɑːʒ, -rɪdʒ; (US) ɡəˈrɑːʒ]",🟡 中高频进阶词汇
garbage,n. 垃圾,0,[ˈɡɑːbɪdʒ],🟡 中高频进阶词汇
garden,n. 花园，果园，菜园,0,[ˈɡɑːd(ə)n],🟡 中高频进阶词汇
gardening,n. 园艺学,0,[ˈɡɑːdnɪŋ],🟡 中高频进阶词汇
garlic,n. 大蒜,0,[ˈɡɑːlɪk],🟡 中高频进阶词汇
garment,n. （一件）衣服,1,[ˈɡɑːmənt],🟡 中高频进阶词汇
gas,n. 煤气,0,[ɡæs],🟡 中高频进阶词汇
gate,n. 大门,0,[ɡeɪt],🟡 中高频进阶词汇
gather,v. 聚集；采集,0,[ˈɡæðə(r)],🟡 中高频进阶词汇
gay,a. （男）同性恋的；快活的，愉快的,0,[ɡeɪ],🟡 中高频进阶词汇
general,a. 大体，笼统的，总的,0,[ˈdʒenər(ə)l],🟡 中高频进阶词汇
generation,n. 代，一代,0,[dʒenəˈreɪʃ(ə)n],🟡 中高频进阶词汇
generous,a. 慷慨大方的,0,[ˈdʒenərəs],🟡 中高频进阶词汇
gentle,a. 温柔的，轻轻的,0,[ˈdʒent(ə)l],🟡 中高频进阶词汇
gentleman,n. 绅士，先生；有身份、有教养的人,0,[ˈdʒent(ə)lmən],🟡 中高频进阶词汇
geography,n. 地理学,0,[dʒɪˈɔɡrəfɪ],🟡 中高频进阶词汇
geometry,n. 几何学,0,[dʒɪˈɑmɪtrɪ],🟡 中高频进阶词汇
German,a. 德国的，德国人的，德语的 n. 德国人，德语,0,[ˈdʒɜːmən],🟡 中高频进阶词汇
Germany,* n. 德国,0,[ˈdʒɜːmənɪ],🟡 中高频进阶词汇
gesture,n. 姿势，手势,0,[ˈdʒestʃə(r)],🟡 中高频进阶词汇
"get (got , got)",vt. 成为；得到；具有；到达,0,[ɡet],🟡 中高频进阶词汇
get--together,n. 聚会,0,[ɡet-təˈɡeðə(r)],🟡 中高频进阶词汇
gift,n. 赠品；礼物,0,[ɡɪft],🟡 中高频进阶词汇
gifted,a. 有天赋的；有才华的,0,[ˈɡɪftɪd],🟡 中高频进阶词汇
giraffe,n. 长颈鹿,0,[dʒɪˈrɑːf; (US) dʒəˈræf],🟡 中高频进阶词汇
girl,n. 女孩,0,[ɡɜːl],🟡 中高频进阶词汇
"give (gave, given)","vt. 给,递给,付出,给予",0,[ɡɪv],🟡 中高频进阶词汇
glad,a. 高兴的；乐意的,0,[ɡlæd],🟡 中高频进阶词汇
glance,vi. 匆匆一看；一瞥,0,[glæns /glɑːns],🟡 中高频进阶词汇
glare,"v. 瞪眼,怒目而视,闪耀",0,[ɡleə(r)],🟡 中高频进阶词汇
glass,"n.玻璃杯,玻璃；(复)眼镜",0,[ɡlɑːs; (US) ɡlæs],🟡 中高频进阶词汇
glasshouse,n. 温室，暖房,0,[ˈɡlɑːshaʊs],🟡 中高频进阶词汇
globe,"n. 地球仪,地球",0,[ɡləʊb],🟡 中高频进阶词汇
glory,n.巨大的光荣; 荣誉;赞美,0,[ˈɡlɔːrɪ],🟡 中高频进阶词汇
glove,n. 手套,0,[ɡlʌv],🟡 中高频进阶词汇
glue,n. 胶水,0,[ɡluː],🟡 中高频进阶词汇
"go (went, gone)",vi. 去；走；驶；通到；到达 n. 尝试（做某事）,0,[ɡəʊ],🟡 中高频进阶词汇
goal,n. （足球）球门，目标,0,[ɡəʊl],🟡 中高频进阶词汇
goat,n. 山羊,0,[ɡəʊt],🟡 中高频进阶词汇
god,n. 神，（大写）上帝,0,[ɡɔd],🟡 中高频进阶词汇
gold,n. 黄金 a 金的，黄金的,0,[ɡəʊld],🟡 中高频进阶词汇
golden,a. 金(黄)色的,0,[ˈɡəʊld(ə)n],🟡 中高频进阶词汇
goldfish,n. 金鱼,0,[ˈɡəʊldfɪʃ],🟡 中高频进阶词汇
golf,n. 高尔夫球,0,[ɡɔlf],🟡 中高频进阶词汇
"good (better ,best)",a. 好；良好,0,[ɡʊd],🟡 中高频进阶词汇
good-bye,int. 再见；再会,0,[ɡʊd- baɪ],🟡 中高频进阶词汇
goodness,n. 善良，美德,0,[ˈɡʊdnɪs],🟡 中高频进阶词汇
goods,n. 商品，货物,0,[ɡʊd],🟡 中高频进阶词汇
goose (复 geese),n. 鹅,0,[ɡuːs],🟡 中高频进阶词汇
govern,v. 统治；管理,0,[ˈɡʌv(ə)n],🟡 中高频进阶词汇
government,n. 政府,0,[ˈɡʌvənmənt],🟡 中高频进阶词汇
gown,n. 礼服，长外衣，睡衣,0,[ɡaʊn],🟡 中高频进阶词汇
grade,n. 等级；（中小学的）学年；成绩，分数,0,[ɡreɪd],🟡 中高频进阶词汇
gradually,ad. 逐渐地,0,[ˈɡrædjʊəlɪ],🟡 中高频进阶词汇
graduate,v. 毕业,0,[ˈɡrædjʊət],🟡 中高频进阶词汇
graduation,n. 毕业，毕业典礼,0,[ɡrædjʊˈeɪʃ(ə)n],🟡 中高频进阶词汇
grain,n. 谷物，谷类,0,[ɡreɪn],🟡 中高频进阶词汇
gram,n. 克(重量单位),0,[ɡræm],🟡 中高频进阶词汇
grammar,n. 语法,0,[ˈɡræmə(r)],🟡 中高频进阶词汇
grand,a. 宏伟的,0,[ɡrænd],🟡 中高频进阶词汇
grandchild,n.(外)孙或孙女.孙辈,0,[ˈgræntʃaɪld],🟡 中高频进阶词汇
granddaughter,n. （外）孙女,0,[ˈɡrændɔːtə(r)],🟡 中高频进阶词汇
grandma = grandmother,n. 奶奶；外婆,0,"[ˈɡrænmɑː, ˈɡrændmɑː]",🟡 中高频进阶词汇
grandpa = grandfather,"n.爷爷,外公",0,"[ˈɡrænpɑː, ˈɡrændpɑː]",🟡 中高频进阶词汇
grandparents,n.祖父母.外祖父母,0,[ˈɡrændpeərənt],🟡 中高频进阶词汇
grandson,n. （外）孙子,0,[ˈɡrændsʌn],🟡 中高频进阶词汇
granny,n. 老奶奶；祖母；外婆,0,[ˈɡrænɪ],🟡 中高频进阶词汇
grape,n. 葡萄,0,[ɡreɪp],🟡 中高频进阶词汇
graph,n. 图表，曲线图,0,[ɡrɑːf; (US) ɡræf],🟡 中高频进阶词汇
grasp,v. 抓住；紧握,0,[ɡrɑːsp; (US) ɡræsp],🟡 中高频进阶词汇
grass,n. 草；草场；牧草,0,[ɡrɑːs; (US) ɡræs],🟡 中高频进阶词汇
grateful,a. 感激的，感谢的,0,[ˈɡreɪtfʊl],🟡 中高频进阶词汇
gravity,n. 重力，地球引力,0,[ˈɡrævɪtɪ],🟡 中高频进阶词汇
great,"a. 伟大的,重要的,好极了 ad. （口语）好极了，很好",0,[ɡreɪt],🟡 中高频进阶词汇
Greece,* n. 希腊,0,[ɡriːs],🟡 中高频进阶词汇
greedy,a. 贪婪的,0,[ˈɡriːdɪ],🟡 中高频进阶词汇
Greek,a. / n. 希腊的，希腊人的，希腊语的 ; 希腊人，希腊语,0,[ɡriːk],🟡 中高频进阶词汇
green,a. 绿色的；青的 n. 绿色,0,[ɡriːn],🟡 中高频进阶词汇
greengrocer,n.（英）蔬菜水果商,0,[ˈɡriːnɡrəʊsə(r)],🟡 中高频进阶词汇
greet,vt. 问候；向……致敬,0,[ɡriːt],🟡 中高频进阶词汇
greeting,n. 祝贺,0,[ˈɡriːtɪŋ],🟡 中高频进阶词汇
grey / gray,a. 灰色的； 灰白的,0,[ɡreɪ],🟡 中高频进阶词汇
grill,n. （烧食物的）烤架,0,[ɡrɪl],🟡 中高频进阶词汇
grocer,n. 零售商人；食品店,0,[ˈɡrəʊsə(r)],🟡 中高频进阶词汇
ground,n. 地面,0,[ɡraʊnd],🟡 中高频进阶词汇
group,n. 组，群,0,[ɡruːp],🟡 中高频进阶词汇
"grow (grew, grown)",v. 生长；发育；种植；变成,0,[ɡrəʊ],🟡 中高频进阶词汇
growth,n. 生长，增长,0,[ɡrəʊθ],🟡 中高频进阶词汇
gruel,n. 粥,0,[ɡrʊəl],🟡 中高频进阶词汇
guarantee,v. 保证，担保,0,[ɡærənˈtiː],🟡 中高频进阶词汇
guard,n. 防护装置，警戒,0,[ɡɑːd],🟡 中高频进阶词汇
guess,vi. 猜,0,[ɡes],🟡 中高频进阶词汇
guest,n. 客人，宾客,0,[ɡest],🟡 中高频进阶词汇
guidance,n. 引导，指导,0,[ˈɡaɪdəns],🟡 中高频进阶词汇
guide,n. 向导，导游者,0,[ɡaɪd],🟡 中高频进阶词汇
guilty,"a.有罪,犯法的,做错事的",0,[ˈɡɪltɪ],🟡 中高频进阶词汇
guitar,n. 吉他，六弦琴,0,[ɡɪˈtɑː(r)],🟡 中高频进阶词汇
gun,n. 枪，炮,0,[ɡʌn],🟡 中高频进阶词汇
gym =gymnasium,n. 体操；体育馆；健身房,0,[dʒɪm],🟡 中高频进阶词汇
gymnastics,n. 体操,0,[dʒɪmˈnæstɪks],🟡 中高频进阶词汇
ha,int. 哈(笑声),0,[hɑː],🟡 中高频进阶词汇
habit,n. 习惯，习性,0,[ˈhæbɪt],🟡 中高频进阶词汇
hair,n. 头发,0,[heə(r)],🟡 中高频进阶词汇
haircut,n. （男子）理发,0,[ˈheəkʌt],🟡 中高频进阶词汇
half,a.& n. 半，一半，半个,0,[hɑːf; (US) hæf],🟡 中高频进阶词汇
hall,"n. 大厅,会堂,礼堂;过道",0,[hɔːl],🟡 中高频进阶词汇
ham,n. 火腿,0,[hæm],🟡 中高频进阶词汇
hamburger,n. 汉堡包,0,[ˈhæmbɜːɡə(r)],🟡 中高频进阶词汇
hammer,n. 锤子，锣锤,0,[ˈhæmə(r)],🟡 中高频进阶词汇
hand,n. 手；指针 v. 递；给；交付 交上；交进,0,[hænd],🟡 中高频进阶词汇
handbag,n. 女用皮包，手提包,0,[ˈhændbæɡ],🟡 中高频进阶词汇
handful,n.(一)把；少数，少量,0,[ˈhændfʊl],🟡 中高频进阶词汇
handkerchief,n. 手帕,0,[ˈhæŋkətʃɪf],🟡 中高频进阶词汇
handle,n. 柄，把柄 v. 处理,0,[ˈhænd(ə)l],🟡 中高频进阶词汇
handsome,a. 英俊的,0,[ˈhænsəm],🟡 中高频进阶词汇
handtruck,n.手推运货车,0,[ˈhændtrʌk],🟡 中高频进阶词汇
handwriting,n. 书法,0,[ˈhændraɪtɪŋ],🟡 中高频进阶词汇
handy,"a. 便利的，顺手的 hang(hanged,hanged) v. 处（人）绞刑；上吊",0,[ˈhændɪ],🟡 中高频进阶词汇
"hang (hung, hung)",v.悬挂，吊着；把……吊起,0,[hæŋ],🟡 中高频进阶词汇
happen,vi.（偶然）发生,0,[ˈhæpən],🟡 中高频进阶词汇
happily,ad. 幸福地，快乐地,0,[ˈhæpɪlɪ],🟡 中高频进阶词汇
happiness,n. 幸福，愉快,0,[ˈhæpɪnɪs],🟡 中高频进阶词汇
happy,a.幸福；快乐的，高兴的,0,[ˈhæpɪ],🟡 中高频进阶词汇
harbour (美harbor),n. 港口,0,[ˈhɑ:bə],🟡 中高频进阶词汇
hard,ad. 努力地；使劲；猛烈地 a.硬的；困难的；艰难的,0,[hɑːd],🟡 中高频进阶词汇
hardly,ad. 几乎不,0,[ˈhɑːdlɪ],🟡 中高频进阶词汇
hardship,n. 困难,0,[ˈhɑːdʃɪp],🟡 中高频进阶词汇
hardworking,a. 努力工作的,0,[ˈha:dˈwə:kiŋ],🟡 中高频进阶词汇
harm,n.&v. 伤害；损伤,0,[hɑːm],🟡 中高频进阶词汇
harmful,a.有害的；致伤的,0,[ˈhɑːmfʊl],🟡 中高频进阶词汇
harmless,a. 无害的;不致伤的,0,[ˈhɑːmlɪs],🟡 中高频进阶词汇
harmony,n. 融洽，和睦,0,[ˈhɑːmənɪ],🟡 中高频进阶词汇
harvest,n.& vt. 收割，收获（物）,0,[ˈhɑːvɪst],🟡 中高频进阶词汇
hat,n.帽子(一般指有边的)；礼帽,0,[hæt],🟡 中高频进阶词汇
hatch,v. （鸟、鸡）孵蛋,0,[hætʃ],🟡 中高频进阶词汇
hate,vt.& n. 恨，讨厌,0,[heɪt],🟡 中高频进阶词汇
"have (has, had, had)",vt.有；吃；喝；进行；经受,0,[hæv],🟡 中高频进阶词汇
hawk,n. 鹰,0,[hɔːk],🟡 中高频进阶词汇
hay,n. 作饲料用的干草,0,[heɪ],🟡 中高频进阶词汇
he,pron. 他,0,[heɪ],🟡 中高频进阶词汇
head,n. 头；头脑(像)；才智；首脑；源头；标题 a. 头部的；主要的；首席的 v. 率领；加标题；用头顶；出发；(船等)驶向,0,[hed],🟡 中高频进阶词汇
headache,n. 头疼,0,[ˈhedeɪk],🟡 中高频进阶词汇
headline,n. （报刊的）大字标题,0,[ˈhedlaɪn],🟡 中高频进阶词汇
headmaster,n. （英）中小学校长,0,[hedˈmɑːstə(r)],🟡 中高频进阶词汇
headmistress,n. 女校长,0,[ˈhedˈmistrɪs],🟡 中高频进阶词汇
headteacher,n. 中小学班主任,0,[],🟡 中高频进阶词汇
health,n. 健康，卫生,0,[helθ],🟡 中高频进阶词汇
healthy,a. 健康的，健壮的,0,[ˈhelθɪ],🟡 中高频进阶词汇
heap,n. 堆 v. 堆起来,0,[hiːp],🟡 中高频进阶词汇
"hear (heard, heard)","v. 听见；听说,得知",0,[hɪə(r)],🟡 中高频进阶词汇
hearing,n. 听力,0,[ˈhɪərɪŋ],🟡 中高频进阶词汇
heart,"n.心.心脏, 纸牌中的红桃",0,[hɑːt],🟡 中高频进阶词汇
heat,n. 热 vt. 把……加热,0,[hiːt],🟡 中高频进阶词汇
heaven,n. 天，天空,0,[ˈhev(ə)n],🟡 中高频进阶词汇
heavy,a. 重的,0,[ˈhevɪ],🟡 中高频进阶词汇
heavily,ad. 重地，大量地,0,[ˈhevɪlɪ],🟡 中高频进阶词汇
heel,n. 脚后跟,0,[hiːl],🟡 中高频进阶词汇
height,n. 高，高度,0,[haɪt],🟡 中高频进阶词汇
helicopter,n. 直升飞机,0,[ˈhelɪkɔptə(r)],🟡 中高频进阶词汇
hello,int. 喂；你好（表示打招呼，问候或唤起注意）,0,[həˈləʊ],🟡 中高频进阶词汇
helmet,n. 头盔,0,[ˈhelmɪt],🟡 中高频进阶词汇
help,n. & vt. 帮助，帮忙,0,[help],🟡 中高频进阶词汇
helpful,a. 有帮助的，有益的,0,[ˈhelpfʊl],🟡 中高频进阶词汇
hen,n. 母鸡,0,[hen],🟡 中高频进阶词汇
her,"pron. 她(宾格),她的",0,[hɜː(r)],🟡 中高频进阶词汇
herb,n. 草药,0,[hɜːb; (US) ɜːrb],🟡 中高频进阶词汇
here,ad. 这里，在这里；向这里,0,[hɪə(r)],🟡 中高频进阶词汇
hero,n. 英雄，勇士，男主角,0,[ˈhɪərəʊ],🟡 中高频进阶词汇
heroine,n. 女英雄，女主角,0,[ˈherəʊɪn],🟡 中高频进阶词汇
hers,pron. 她的,0,[hɜːz],🟡 中高频进阶词汇
herself,pron. 她自己,0,[hɜːˈself],🟡 中高频进阶词汇
hey,int. 嘿！,0,[heɪ],🟡 中高频进阶词汇
hi,int. 你好（表示打招呼、问候或唤起注 意）,0,[haɪ],🟡 中高频进阶词汇
hibernate,vi. 冬眠,0,[ˈhaɪbəneɪt],🟡 中高频进阶词汇
hibernation,n. 冬眠,0,[haɪbə(r)ˈneɪʃn],🟡 中高频进阶词汇
"hide (hid, hidden)",v. 把…藏起来，隐藏,0,[haɪd],🟡 中高频进阶词汇
hide and seek,捉迷藏,0,[haɪd-ənd-siːk],🟡 中高频进阶词汇
high,a. 高的;高度的 ad. 高地,0,[haɪ],🟡 中高频进阶词汇
highway,"n.公路,主要交通道路",0,[ˈhaɪweɪ],🟡 中高频进阶词汇
hill,n. 小山;丘陵;土堆;斜坡,0,[hɪl],🟡 中高频进阶词汇
hillside,n. （小山）山腰，山坡,0,[ˈhɪlsaɪd],🟡 中高频进阶词汇
hilly,a. 丘陵的； 多小山的,0,[ˈhɪlɪ],🟡 中高频进阶词汇
him,pron. 他（宾格）,0,[hɪm],🟡 中高频进阶词汇
himself,pron. 他自己,0,[hɪmˈself],🟡 中高频进阶词汇
hire,vt. 租用,0,[ˈhaɪə(r)],🟡 中高频进阶词汇
his,pron. 他的,0,[hɪz],🟡 中高频进阶词汇
history,n. 历史，历史学,0,[ˈhɪstərɪ],🟡 中高频进阶词汇
"hit (hit, hit)","n.& vt. 打,撞,击中",0,[hɪt],🟡 中高频进阶词汇
hive,n. 蜂房；蜂箱,0,[haɪv],🟡 中高频进阶词汇
hobby,n. 业余爱好，嗜好,0,[ˈhɔbɪ],🟡 中高频进阶词汇
"hold (held, held)",vt.拿；抱；握住；举行；进行,0,[həʊld],🟡 中高频进阶词汇
hole,n. 洞，坑,0,[həʊl],🟡 中高频进阶词汇
holiday,n. 假日；假期,0,[ˈhɔlɪdɪ],🟡 中高频进阶词汇
holy,a. 神圣的,0,[ˈhəʊlɪ],🟡 中高频进阶词汇
home,n. 家 ad. 到家；回家,0,[həʊm],🟡 中高频进阶词汇
homeland,n. 祖国,0,[ˈhəʊmlænd],🟡 中高频进阶词汇
hometown,n. 故乡,0,[ˈhəʊmtaʊn],🟡 中高频进阶词汇
homework,n. 家庭作业,0,[ˈhəʊmwɜːk],🟡 中高频进阶词汇
honest,a. 诚实的，正直的,0,[ˈɔnɪst],🟡 中高频进阶词汇
honey,n. 蜂蜜,0,[ˈɔnɪst],🟡 中高频进阶词汇
Hong Kong,* n. 香港,0,[hɔŋ kɔŋ],🟡 中高频进阶词汇
honour (美honor),n. 荣誉，光荣 vt. 尊敬，给予荣誉,0,[ˈɔnə],🟡 中高频进阶词汇
hook,n.& v. 钩子；衔接，连接,0,[hʊk],🟡 中高频进阶词汇
hooray,int. 好哇！（欢呼声）,0,[hʊˈreɪ],🟡 中高频进阶词汇
hope,n.& v. 希望,0,[həʊp],🟡 中高频进阶词汇
hopeful,a. 有希望的；有前途的,0,[ˈhəʊpfʊl],🟡 中高频进阶词汇
hopeless,"a.没有希望,不可救药的",0,[],🟡 中高频进阶词汇
horrible,a. 令人恐惧；恐怖的,0,[ˈhɔrɪb(ə)l],🟡 中高频进阶词汇
horse,n. 马,0,[hɔːs],🟡 中高频进阶词汇
hospital,n. 医院,0,[ˈhɔspɪt(ə)l],🟡 中高频进阶词汇
host,n. 主人；节目主持人 v. 做主人招待,0,[həʊst],🟡 中高频进阶词汇
hostess,n. 女主人,0,[ˈhəʊstɪs],🟡 中高频进阶词汇
hot,a. 热的,0,"[hɔt,hɑt]",🟡 中高频进阶词汇
hot dog,n. 热狗(红肠面包),0,[hɔt- dɔɡ],🟡 中高频进阶词汇
hotel,n. 旅馆，饭店，宾馆,0,[həʊˈtel],🟡 中高频进阶词汇
hour,n. 小时,0,[ˈaʊə(r)],🟡 中高频进阶词汇
house,n. 房子；住宅,0,[haʊs],🟡 中高频进阶词汇
housewife,n. 家庭主妇,0,[ˈhaʊswaɪf],🟡 中高频进阶词汇
housework,n. 家务劳动,0,[ˈhaʊswɜːk],🟡 中高频进阶词汇
how,"ad.怎样,如何；多少；多么",0,[haʊ],🟡 中高频进阶词汇
however,ad. 可是 conj. 然而，可是，尽管如此,0,[haʊˈevə(r)],🟡 中高频进阶词汇
howl,vi. 嚎叫，嚎哭,0,[haʊl],🟡 中高频进阶词汇
hug,v. 拥抱,0,[hʌɡ],🟡 中高频进阶词汇
huge,a. 巨大的，庞大的,0,[hjuːdʒ],🟡 中高频进阶词汇
human,a. 人的，人类的,0,[ˈhjuːmən],🟡 中高频进阶词汇
human being,人,0,[ˈhjuːmən ˈbiːɪŋ],🟡 中高频进阶词汇
humorous,a. 富于幽默的,0,[ˈhjuːmərəs],🟡 中高频进阶词汇
humour (美humor),"n.幽默,幽默感",0,[ˈhju:mə],🟡 中高频进阶词汇
hundred,num. 百,0,[ˈhʌndrəd],🟡 中高频进阶词汇
hunger,n. 饥饿,0,[ˈhʌŋɡə(r)],🟡 中高频进阶词汇
hungry,a. （饥）饿的,0,[ˈhʌŋɡrɪ],🟡 中高频进阶词汇
hunt,vt. 寻找；狩猎，猎取,0,[hʌnt],🟡 中高频进阶词汇
hunter,n. 猎人,0,[ˈhʌntə(r)],🟡 中高频进阶词汇
hurricane,n. 飓风，十二级风,0,[ˈhʌrɪkən],🟡 中高频进阶词汇
hurry,vi. 赶快；急忙,0,[ˈhʌrɪ],🟡 中高频进阶词汇
"hurt (hurt, hurt)",vt. 伤害，受伤；伤人感情,0,[hɜːt],🟡 中高频进阶词汇
husband,n. 丈夫,0,[ˈhʌzbənd],🟡 中高频进阶词汇
hydrogen,n. 氢,0,[ˈhaɪdrədʒ(ə)n],🟡 中高频进阶词汇
I,pron. 我,0,[aɪ],🟡 中高频进阶词汇
ice,n. 冰,0,[aɪs],🟡 中高频进阶词汇
ice--cream,n. 冰淇淋,0,[aɪs- kriːm],🟡 中高频进阶词汇
Iceland,* n. 冰岛,0,[ˈaɪslənd],🟡 中高频进阶词汇
idea,"n. 主意,意见,打算,想法",0,[aɪˈdɪə],🟡 中高频进阶词汇
identity,n. 身份，特征,0,[aɪˈdentɪtɪ],🟡 中高频进阶词汇
identification,n. 鉴定，辨别,0,[aɪdentɪfɪˈkeɪʃ(ə)n],🟡 中高频进阶词汇
idiom,n. 习语，成语,0,[ˈɪdɪəm],🟡 中高频进阶词汇
if,"conj.如果,假使,是否,是不是",0,[ɪf],🟡 中高频进阶词汇
ignore,v. 忽视，对…不理会,0,[ɪɡˈnɔː(r)],🟡 中高频进阶词汇
ill,a. 有病的；不健康的,0,[ɪl],🟡 中高频进阶词汇
illegal,a. 非法的,0,[ɪˈliːɡ(ə)l],🟡 中高频进阶词汇
illness,n. 疾病,0,[ˈɪlnɪs],🟡 中高频进阶词汇
imagine,vt. 想像，设想,0,[ɪˈmædʒɪn],🟡 中高频进阶词汇
immediate,a. 立即的，马上,0,[ɪˈmiːdɪət],🟡 中高频进阶词汇
immediately,ad. 立即,0,[ɪˈmiːdɪətlɪ],🟡 中高频进阶词汇
immigration,n. 移民,0,[ɪmɪˈgreɪʃn],🟡 中高频进阶词汇
import,v.& n. 进口，输入,0,[ɪmˈpɔːt],🟡 中高频进阶词汇
importance,n. 重要性,0,[ɪmˈpɔːt(ə)ns],🟡 中高频进阶词汇
important,a. 重要的,0,[ɪmˈpɔːtənt],🟡 中高频进阶词汇
impossible,a. 不可能的,0,[ɪmˈpɔsɪb(ə)l],🟡 中高频进阶词汇
impress,vt. 留下极深的印象,0,[ɪmˈpres],🟡 中高频进阶词汇
impression,n. 印象，感觉,0,[ɪmˈpreʃ(ə)n],🟡 中高频进阶词汇
improve,vt. 改进，更新,0,[ɪmˈpruːv],🟡 中高频进阶词汇
in,prep. 在…里(内)；在…；以… ad. 在家，在内，向内,0,[ɪn],🟡 中高频进阶词汇
inch,n. 英寸,0,[ɪntʃ],🟡 中高频进阶词汇
incident,n. 事件,0,[ˈɪnsɪd(ə)nt],🟡 中高频进阶词汇
include,vt. 包含，包括,0,[ɪnˈkluːd],🟡 中高频进阶词汇
income,n. 收入，所得,0,[ˈɪnkʌm],🟡 中高频进阶词汇
incorrect,a. 不正确的，错误的,0,[ɪnkəˈrekt],🟡 中高频进阶词汇
increase,v. & n. 增加，繁殖,0,[ɪnˈkriːs],🟡 中高频进阶词汇
indeed,a. 确实；实在,0,[ɪnˈdiːd],🟡 中高频进阶词汇
independence,n. 独立,0,[ɪndɪˈpendəns],🟡 中高频进阶词汇
independent,"a.独立的,有主见的",0,[ɪndɪˈpendənt],🟡 中高频进阶词汇
India,* n. 印度,0,[ˈɪndɪə],🟡 中高频进阶词汇
Indian,a. （美洲）印地安人的； 印度人的 n. 印地安人；印度人,0,[ˈɪndɪən],🟡 中高频进阶词汇
Indicate,v.表明，象征，暗示,0,[ˈɪndɪkeɪt],🟡 中高频进阶词汇
industry,n. 工业，产业,0,[ˈɪndəstrɪ],🟡 中高频进阶词汇
influence,n.& v. 影响,0,[ˈɪnflʊəns],🟡 中高频进阶词汇
inform,vt. 告诉； 通知,0,[ɪnˈfɔːm],🟡 中高频进阶词汇
information,n. 信息,0,[ɪnfəˈmeɪʃ(ə)n],🟡 中高频进阶词汇
information desk,问讯处,0,[ɪnfəˈmeɪʃ(ə)n desk],🟡 中高频进阶词汇
initial,a. 开始的，最初的,0,[ɪˈnɪʃ(ə)l],🟡 中高频进阶词汇
injure,vt. 损害，伤害,0,[ˈɪndʒə(r)],🟡 中高频进阶词汇
injury,n. 受伤处,0,[ˈɪndʒərɪ],🟡 中高频进阶词汇
ink,n. 墨水，油墨,0,[ɪŋk],🟡 中高频进阶词汇
inland,a. 内陆的；内地的,0,"[ˈɪnlənd, ˈɪnlænd]",🟡 中高频进阶词汇
inn,n. 小旅店；小饭店,0,[ɪn],🟡 中高频进阶词汇
innocent,a.无辜的，清白的,0,[ˈɪnəsənt],🟡 中高频进阶词汇
insect,n. 昆虫,0,[ˈɪnsekt],🟡 中高频进阶词汇
insert,vt. 插入,0,[ɪnˈsɜːt],🟡 中高频进阶词汇
inside,prep.在…里面 ad.在里面,0,[ɪnˈsaɪd],🟡 中高频进阶词汇
insist,vi. 坚持；坚决认为,0,[ɪnˈsɪst],🟡 中高频进阶词汇
inspect,vt. 检查；检验；审视,0,[ɪnˈspekt],🟡 中高频进阶词汇
inspire,vt. 鼓舞； 激励,0,[ɪnˈspaɪə(r)],🟡 中高频进阶词汇
instant,a. 瞬间；刹那,0,[ˈɪnst(ə)nt],🟡 中高频进阶词汇
instead,ad. 代替，顶替,0,[ɪnˈsted],🟡 中高频进阶词汇
institute,"n. (研究)所, 院，学院",0,[ˈɪnstɪtjuːt; (US) ˈɪnstətuːt],🟡 中高频进阶词汇
institution,n. (慈善、宗教等性质的)公共机构； 学校,0,[ɪnstɪˈtjuːʃ(ə)n; (US) ɪnstəˈtuːʃn],🟡 中高频进阶词汇
instruct,vt. 通知；指示；教,0,[ɪnˈstrʌkt],🟡 中高频进阶词汇
instruction,"n. 说明,须知;教导",0,[ɪnˈstrʌkʃ(ə)n],🟡 中高频进阶词汇
instrument,"n. 乐器;工具,器械",0,[ˈɪnstrʊmənt],🟡 中高频进阶词汇
insurance,n. 保险,0,[ɪnˈʃʊərəns],🟡 中高频进阶词汇
insure,vt. 给……保险,0,[ɪnˈʃʊə(r)],🟡 中高频进阶词汇
intelligence,"n.智力,才智,智慧",0,[ɪnˈtelɪdʒəns],🟡 中高频进阶词汇
intend,vt. 想要，打算,0,[ɪnˈtend],🟡 中高频进阶词汇
intention,"n. 打算,计划,意图",0,[ɪnˈtenʃ(ə)n],🟡 中高频进阶词汇
interest,n. 兴趣，趣味;利息,0,[ˈɪntrəst],🟡 中高频进阶词汇
interesting,a. 有趣的,0,[ˈɪntrətɪŋ],🟡 中高频进阶词汇
international,a. 国际的,0,[ɪntəˈnæʃən(ə)l],🟡 中高频进阶词汇
internet,n. 互联网，英特网,0,[ˈɪntənet],🟡 中高频进阶词汇
interpreter,n.翻译,0,[ɪnˈtɜːprɪtə(r)],🟡 中高频进阶词汇
interrupt,v. 打扰，打断,0,[ɪntəˈrʌpt],🟡 中高频进阶词汇
interval,n. 间歇；间隔,0,[ˈɪntəv(ə)l],🟡 中高频进阶词汇
interview,"n.& vt.采访,会见,面试",0,[ˈɪntəvjuː],🟡 中高频进阶词汇
into,prep. 到…里;向内；变成,0,"[ˈɪntʊ, ˈɪntə]",🟡 中高频进阶词汇
introduce,vt. 介绍,0,[ɪntrəˈdjuːs; (US) -duːs],🟡 中高频进阶词汇
introduction,n. 引进，介绍,0,[ɪntrəˈdʌkʃ(ə)n],🟡 中高频进阶词汇
invent,vt. 发明，创造,0,[ɪnˈvent],🟡 中高频进阶词汇
invention,n. 发明，创造,0,[ɪnˈvenʃ(ə)n],🟡 中高频进阶词汇
inventor,n. 发明者，创造者,0,[ɪnˈventə(r)],🟡 中高频进阶词汇
invitation,n. 邀请，请帖,0,[ɪnvɪˈteɪʃ(ə)n],🟡 中高频进阶词汇
invite,vt. 邀请，招待,0,[ɪnˈvaɪt],🟡 中高频进阶词汇
Ireland,* n. 爱尔兰,1,[ˈaɪələnd],🟡 中高频进阶词汇
Irish,a. 爱尔兰的，爱尔兰人的,1,[ˈaɪərɪʃ],🟡 中高频进阶词汇
iron,n. 铁，熨斗 vt. 熨烫,0,[ˈaɪən; (US) ˈaɪərn],🟡 中高频进阶词汇
irrigate,vt. 灌溉,0,[ˈɪrɪɡeɪt],🟡 中高频进阶词汇
irrigation,n. 灌溉,0,[ɪrɪˈɡeɪʃ(ə)n],🟡 中高频进阶词汇
island,n. 岛,0,[ˈaɪlənd],🟡 中高频进阶词汇
it,pron. 它,0,[ɪt],🟡 中高频进阶词汇
Italian,a. 意大利(人)的；意大利语的 n. 意大利人；意大利语,0,[ɪˈtæljən],🟡 中高频进阶词汇
Italy,* n. 意大利,0,[ˈɪtəlɪ],🟡 中高频进阶词汇
its,pron. 它的,0,[ɪts],🟡 中高频进阶词汇
itself,pron. 它自己,0,[ɪtˈself],🟡 中高频进阶词汇
jacket,n. 短上衣，夹克衫,0,[ˈdʒækɪt],🟡 中高频进阶词汇
jam,n. 果酱；阻塞,0,[dʒæm],🟡 中高频进阶词汇
January,n. 1月,0,[ˈdʒænjʊərɪ; (US) ˈdʒænjʊerɪ],🟡 中高频进阶词汇
Japan,* n. 日本,0,[dʒæˈpæn],🟡 中高频进阶词汇
Japanese,a. 日本的，日本人的，日语的 n. 日本人，日语,0,[dʒæpəˈniːz],🟡 中高频进阶词汇
jar,n. 罐子；坛子,0,[dʒɑː(r)],🟡 中高频进阶词汇
jaw,n. 下巴,0,[dʒɔː],🟡 中高频进阶词汇
jazz,n. 爵士音乐，爵士舞曲,0,[dʒæz],🟡 中高频进阶词汇
jeans,n. 牛仔裤,0,[dʒiːns],🟡 中高频进阶词汇
jeep,n. 吉普车,0,[dʒiːp],🟡 中高频进阶词汇
jet,n. 喷气式飞机；喷射（器）,0,[dʒet],🟡 中高频进阶词汇
jewel,n. 宝石,0,[ˈdʒuːəl],🟡 中高频进阶词汇
jewelry,n. （总称）珠宝,0,[ˈdʒuːəlrɪ],🟡 中高频进阶词汇
job,n. （一份）工作,0,[dʒɔb],🟡 中高频进阶词汇
jog,v. 慢跑,0,[dʒɔɡ],🟡 中高频进阶词汇
join,"v.参加,加入;连接;会合",0,[dʒɔɪn],🟡 中高频进阶词汇
joke,n. 笑话,0,[dʒəʊk],🟡 中高频进阶词汇
journalist,n. 记者，新闻工作者,0,[ˈdʒɜːnəlɪzt],🟡 中高频进阶词汇
journey,n. 旅行，路程,0,[ˈdʒɜːnɪ],🟡 中高频进阶词汇
joy,n. 欢乐，高兴，乐趣,0,[dʒɔɪ],🟡 中高频进阶词汇
judge,n. 裁判；审判员；法官vt. 判断，断定,0,[dʒʌdʒ],🟡 中高频进阶词汇
judgement,n. 裁判,0,[ˈdʒʌdʒmənt],🟡 中高频进阶词汇
juice,n. 汁、液,0,[dʒuːs],🟡 中高频进阶词汇
juicy,a. 多汁的；水分多的,0,[dʒuːsɪ],🟡 中高频进阶词汇
July,n. 7月,0,[dʒʊˈlaɪ],🟡 中高频进阶词汇
jump,n. 跳跃；跳变 v. 跳跃；惊起；猛扑,0,[dʒʌmp],🟡 中高频进阶词汇
June,n. 6月,0,[dʒuːn],🟡 中高频进阶词汇
jungle,n. 丛林，密林,0,[ˈdʒʌŋɡ(ə)l],🟡 中高频进阶词汇
junior,a. 初级的；年少的,0,[ˈdʒuːnɪə(r)],🟡 中高频进阶词汇
junk,n. （口语）废品，破烂货,0,[dʒʌŋk],🟡 中高频进阶词汇
junk mail,塞到邮箱的广告宣传品,0,[dʒʌŋk meɪl],🟡 中高频进阶词汇
junk food,没有营养的垃圾食品,0,[dʒʌŋk fuːd],🟡 中高频进阶词汇
just,ad. 刚才；恰好；不过；仅 a. 公正的,0,[dʒʌst],🟡 中高频进阶词汇
justice,n. 正义；公正；司法,0,[ˈdʒʌstɪs],🟡 中高频进阶词汇
kangaroo,n. 大袋鼠,0,[kæŋɡəˈruː],🟡 中高频进阶词汇
"keep (kept, kept)",v. 保持；保存；继续不断 vt. 培育，饲养,0,[kiːp],🟡 中高频进阶词汇
keeper,n. （动物园中的）饲养员，看守人,0,[ˈkiːpə(r)],🟡 中高频进阶词汇
kettle,n. (烧水用的)水壶,0,[ˈket(ə)l],🟡 中高频进阶词汇
key,n. 钥匙;答案;键;关键,0,[kiː],🟡 中高频进阶词汇
keyboard,n. 键盘,0,[kiːbɔːd],🟡 中高频进阶词汇
kick,v.& n. 踢,0,[kɪk],🟡 中高频进阶词汇
kid,n. 小孩,0,[kɪd],🟡 中高频进阶词汇
kill,v. 杀死，弄死,0,[kɪl],🟡 中高频进阶词汇
kilo,n. 千克；千米,0,[ˈkiːləʊ],🟡 中高频进阶词汇
kilogram,n. 千克,0,[ˈkɪləɡræm],🟡 中高频进阶词汇
kilometr,e n. 千米（公里）,0,[ˈkiləʊmi:tə(r)],🟡 中高频进阶词汇
kind,"n. 种;类 a. 善良,友好的",0,[kaɪnd],🟡 中高频进阶词汇
kindergarten,n. 幼儿园,0,[kɪndəˈɡɑːt(ə)n],🟡 中高频进阶词汇
kind-hearted,a. 好心的,0,[kaɪnd- ˈhɑ:tid],🟡 中高频进阶词汇
kindness,n. 仁慈；善良,0,[ˈkaɪndnɪs],🟡 中高频进阶词汇
king,n. 国王,0,[kɪŋ],🟡 中高频进阶词汇
kingdom,n. 王国,0,[ˈkɪŋdəm],🟡 中高频进阶词汇
kiss,n.& vt. 吻，亲吻,0,[kɪs],🟡 中高频进阶词汇
kitchen,n. 厨房,0,[ˈkɪtʃɪn],🟡 中高频进阶词汇
kite,n. 风筝,0,[kaɪt],🟡 中高频进阶词汇
knee,n. 膝盖,0,[niː],🟡 中高频进阶词汇
knife,(复 knives) n.小刀;匕首;刀片,0,[naɪf],🟡 中高频进阶词汇
knock,n.& v. 敲；打；击 ,0,[nɔk],🟡 中高频进阶词汇
"know(knew,known)",v. 知道，了解；认识；懂得,0,[nəʊ],🟡 中高频进阶词汇
knowledge,n. 知识，学问,0,[ˈnɔlɪdʒ],🟡 中高频进阶词汇
lab,= laboratory n. 实验室,0,[ˈnɔlɪdʒ],🟡 中高频进阶词汇
labour (美labor),n. 劳动,0,[ˈleɪbə(r)],🟡 中高频进阶词汇
labourer (laborer),n.体力劳动者,0,[ˈleibərə],🟡 中高频进阶词汇
lack,n.& vt. 缺乏，缺少,0,[læk],🟡 中高频进阶词汇
ladder,r n. 梯子,0,[ˈlædə(r)],🟡 中高频进阶词汇
lady,n. 女士，夫人,0,[ˈleɪdɪ],🟡 中高频进阶词汇
lake,n. 湖,0,[leɪk],🟡 中高频进阶词汇
lamb,n. 羔羊,0,[læm],🟡 中高频进阶词汇
lame,a. 跛的，瘸的，残废的,0,[leɪm],🟡 中高频进阶词汇
lamp,n. 灯，油灯；光源,0,[læmp],🟡 中高频进阶词汇
land,"n.陆地,土地v.登岸(陆)降落",0,[lænd],🟡 中高频进阶词汇
language,n. 语言,0,[ˈlæŋɡwɪdʒ],🟡 中高频进阶词汇
lantern,n. 灯笼；提灯,0,[ˈlæntən],🟡 中高频进阶词汇
lap,n. (人坐时)膝部.(跑道的)一圈,0,[læp],🟡 中高频进阶词汇
large,a. 大的；巨大的,0,[lɑːdʒ],🟡 中高频进阶词汇
laser,n. 激光,0,[ˈleɪzə(r)],🟡 中高频进阶词汇
last,a.最近刚过去;最后的ad.最近刚过去;最后地 n.最后v.持续,0,[lɑːst; (US) læst],🟡 中高频进阶词汇
late,"a.晚的,迟的ad.晚地,迟地",0,[leɪt],🟡 中高频进阶词汇
lately,ad. 最近，不久前,0,[ˈleɪtlɪ],🟡 中高频进阶词汇
later,a. 晚些的，迟些的,0,[ˈleɪtə(r)],🟡 中高频进阶词汇
latest,a.最近，最新的；最晚的,0,[ˈleɪtɪst],🟡 中高频进阶词汇
latter,n.（两者之中的）后者,0,[ˈlætə(r)],🟡 中高频进阶词汇
laugh,n.& v. 笑，大笑；嘲笑,0,[lɑːf],🟡 中高频进阶词汇
laughter,n. 笑； 笑声,0,[ˈlɑːftə(r); (US) ˈlæftər],🟡 中高频进阶词汇
laundry,n. 洗衣店;要洗的衣服,0,[ˈlɔːndrɪ],🟡 中高频进阶词汇
lavatory,n. 便所，厕所,0,[ˈlævətrɪ; (US) ˈlævətɔːrɪ],🟡 中高频进阶词汇
law,n. 法律，法令；定律,0,[lɔː],🟡 中高频进阶词汇
lawyer,n. 律师,0,"[ˈlɔːjə(r), ˈlɔɪə(r)]",🟡 中高频进阶词汇
"lay (laid, laid)",vt. 放，搁,1,[leɪ],🟡 中高频进阶词汇
lazy,a. 懒惰的,0,[ˈleɪzɪ],🟡 中高频进阶词汇
"lead (led, led)",v. 领导，带领 n. 铅,0,[liːd],🟡 中高频进阶词汇
leader,n. 领袖，领导人,0,[ˈliːdə(r)],🟡 中高频进阶词汇
leading,a. 最主要的，第一位的,0,[ˈliːdɪŋ],🟡 中高频进阶词汇
leaf (复 leaves),n. （树，菜）叶,0,[liːf],🟡 中高频进阶词汇
league,n. 联盟，社团,0,[liːɡ],🟡 中高频进阶词汇
leak,vi. 漏； 渗,0,[liːk],🟡 中高频进阶词汇
"learn (learnt, learnt；--ed --ed)",vt. 学，学习，学会,0,[lɜːn],🟡 中高频进阶词汇
learned,a. 有才华的；博学的,0,[ˈlɜːnɪd],🟡 中高频进阶词汇
least,n.最少，最少量,0,[liːst],🟡 中高频进阶词汇
leather,n. 皮革,0,[ˈleðə(r)],🟡 中高频进阶词汇
"leave (left, left)",v. 离开;把…留下，剩下,0,[liːv],🟡 中高频进阶词汇
lecture,n. 讲课，演讲,0,[ˈlektʃə(r)],🟡 中高频进阶词汇
left,"a.左边的 ad.向左 n.左,左边",0,[left],🟡 中高频进阶词汇
left-handed,a. 惯用左手的,0,[left- ˈ hændid],🟡 中高频进阶词汇
leftover,"a.剩余,剩下的n.剩饭菜",0,[ˈleftˌəuvə],🟡 中高频进阶词汇
left-wing,n. 左翼的,0,[left-wɪŋ],🟡 中高频进阶词汇
leg,n. 腿；腿脚；支柱,0,[leɡ],🟡 中高频进阶词汇
legal,a.与法律有关的，法律的,0,[ˈliːɡ(ə)l],🟡 中高频进阶词汇
lemon,n. 柠檬 a. 柠檬色(味)的,0,[ˈlemən],🟡 中高频进阶词汇
lemonade,n. 柠檬水,0,[leməˈneɪd],🟡 中高频进阶词汇
"lend (lent, lent)","vt.借(出),把…借给",0,[lend],🟡 中高频进阶词汇
length,n. 长，长度，段，节,0,[leŋθ],🟡 中高频进阶词汇
less（little的比较级）,"a.& ad. 少于,小于",0,[les],🟡 中高频进阶词汇
lesson,n. 课；功课；教训,0,[ˈles(ə)n],🟡 中高频进阶词汇
"let (let, let)",vt. 让,0,[let],🟡 中高频进阶词汇
letter,n. 信；字母,0,[ˈletə(r)],🟡 中高频进阶词汇
letter-box,n. 信箱,0,[ˈletə(r)- bɔks],🟡 中高频进阶词汇
level,n. 水平线，水平,0,[ˈlev(ə)l],🟡 中高频进阶词汇
liberty,n. 自由,0,[ˈlɪbətɪ],🟡 中高频进阶词汇
liberate,vt. 解放，使获自由,0,[ˈlɪbəreɪt],🟡 中高频进阶词汇
liberation,n. 解放,0,[lɪbəˈreɪʃ(ə)n],🟠 中频拓展词汇
librarian,n. 图书管理员；（西方的）图书馆馆长,0,[laɪˈbreərɪən],🟠 中频拓展词汇
library,n. 图书馆，图书室,0,[ˈlaɪbrərɪ; (US) ˈlaɪbrerɪ],🟠 中频拓展词汇
license,n. 执照，许可证,0,[ˈlaɪsəns],🟠 中频拓展词汇
lid,n. 盖子,0,[lɪd],🟠 中频拓展词汇
"lie (lay, lain)",v. 躺;卧;平放;位于n.& vi. 谎言; 说谎,0,[laɪ],🟠 中频拓展词汇
life (复lives),n. 生命；生涯；生活；人生；生物,0,[laɪf],🟠 中频拓展词汇
lifetime,n. 一生，终生,0,[ˈlaɪftaɪm],🟠 中频拓展词汇
lift,v. 举起，抬起；（云、烟等）消散 n. （英）电梯,0,[lɪft],🟠 中频拓展词汇
light,n. 光，光亮；灯，灯光 vt. 点（火），点燃 a. 明亮的；轻的；浅色的,0,[laɪt],🟠 中频拓展词汇
lightning,n.闪电,0,[ˈlaɪtnɪŋ],🟠 中频拓展词汇
like,prep. 像，跟…一样 vt. 喜欢，喜爱,0,[laɪk],🟠 中频拓展词汇
likely,a.很可能的,0,[ˈlaɪklɪ],🟠 中频拓展词汇
limit,vt. 限制；减少,0,[ˈlɪmɪt],🟠 中频拓展词汇
line,n. 绳索，线，排，行，线路 v. 画线于，（使）成行,0,[laɪn],🟠 中频拓展词汇
link,v. 连接； 联系,0,[lɪŋk],🟠 中频拓展词汇
lion,n. 狮子,0,[ˈlaɪən],🟠 中频拓展词汇
lip,n. 嘴唇,0,[lɪp],🟠 中频拓展词汇
liquid,n. & a. 液体；液体的,0,[ˈlɪkwɪd],🟠 中频拓展词汇
list,n. 一览表，清单,0,[lɪst],🟠 中频拓展词汇
listen,"vi. 听,仔细听",0,[ˈlɪs(ə)n],🟠 中频拓展词汇
literature,n. 文学,0,[ˈlɪtərətʃə(r); (US) ˈlɪtrətʃʊər],🟠 中频拓展词汇
literary,a. 文学的,0,[ˈlɪtərərɪ; (US) ˈlɪtərerɪ],🟠 中频拓展词汇
litre (美liter),n. 升； 公升,0,[liːtə(r)],🟠 中频拓展词汇
litter,v. 乱丢杂物,0,[ˈlɪtə(r)],🟠 中频拓展词汇
"little (less, least)","a.小的,少的 ad. 很少地, 稍许 n.没有多少,一点",0,[ˈlɪt(ə)l],🟠 中频拓展词汇
live,"vi. 生活;居住;活着 a. 活的,活着的;实况,现场（直播）的",0,[lɪv],🟠 中频拓展词汇
lively,a. 活泼的;充满生气的,0,[ˈlaɪvlɪ],🟠 中频拓展词汇
living,a. 活着的 n. 生计,0,[ˈlɪvɪŋ],🟠 中频拓展词汇
load,n. 担子，货物,0,[ləʊd],🟠 中频拓展词汇
loaf,n. 一个面包,0,[ləʊf],🟠 中频拓展词汇
local,a. 当地的；地方的,0,[ˈləʊk(ə)l],🟠 中频拓展词汇
lock,n. 锁 vt. 锁，锁上,0,[lɔk],🟠 中频拓展词汇
locust,n. 蝗虫,0,[ˈləʊkəst],🟠 中频拓展词汇
London,n. 伦敦,0,[ˈlʌnd(ə)n],🟠 中频拓展词汇
lonely,a. 孤独的，寂寞的,0,[ˈləʊnlɪ],🟠 中频拓展词汇
long,a. 长的，远 ad. 长久,0,[lɔŋ; (US) lɔːŋ],🟠 中频拓展词汇
look,n. 看，瞧 v. 看，观看 v. link 看起来,0,[lʊk],🟠 中频拓展词汇
loose,a. 松散的； 宽松的,0,[luːs],🟠 中频拓展词汇
lorry,n.（英）运货汽车，卡车,0,[ˈlɔrɪ; (US) ˈlɔːrɪ],🟠 中频拓展词汇
loss,n. 丧失；损耗,0,[lɔs; (US) lɔːs],🟠 中频拓展词汇
"lose (lost, lost)",vt. 失去，丢失,0,[luːz],🟠 中频拓展词汇
Lost & Found,失物招领处,0,[lɔst; (US) lɔːst],🟠 中频拓展词汇
lot,n. 许多，好些,0,[lɔt],🟠 中频拓展词汇
loud,a. 大声的,0,[laʊd],🟠 中频拓展词汇
loudly,ad. 大声地,0,[laʊdlɪ],🟠 中频拓展词汇
loudspeaker,n. 扬声器，喇叭,0,[laʊdˈspiːkə(r)],🟠 中频拓展词汇
lounge,n. 休息厅；休息室,0,[laʊndʒ],🟠 中频拓展词汇
love,n.& vt. 爱；热爱;很喜欢,0,[lʌv],🟠 中频拓展词汇
lovely,a. 美好的，可爱的,0,[ˈlʌvlɪ],🟠 中频拓展词汇
low,a.& ad. 低；矮,0,[ləʊ],🟠 中频拓展词汇
luck,n. 运气，好运,0,[lʌk],🟠 中频拓展词汇
lucky,a. 运气好，侥幸,0,[ˈlʌkɪ],🟠 中频拓展词汇
luggage,n. (总称)行李,0,[ˈlʌɡɪdʒ],🟠 中频拓展词汇
lunch,n. 午餐，午饭,0,[lʌntʃ],🟠 中频拓展词汇
lung,n. 肺；肺脏,0,[lʌŋ],🟠 中频拓展词汇
machine,n. 机器,0,[məˈʃiːn],🟠 中频拓展词汇
mad,a. 发疯的；生气的,0,[],🟠 中频拓展词汇
madam/ madame,"n. 夫人,女士",0,[ˈmædəm],🟠 中频拓展词汇
magazine,n. 杂志,0,[mæɡəˈziːn],🟠 中频拓展词汇
magic,a. 有魔力的,0,[ˈmædʒɪk],🟠 中频拓展词汇
maid,n. 女仆；侍女,0,[meɪd],🟠 中频拓展词汇
mail,"n. 邮政,邮递 v. (美)邮寄",0,[meɪl],🟠 中频拓展词汇
mailbox,n. 邮筒；邮箱,0,[ˈmeɪlbɒks],🟠 中频拓展词汇
main,a. 主要的,0,[meɪn],🟠 中频拓展词汇
mainland,n. 大陆,0,[ˈmeɪnlənd],🟠 中频拓展词汇
major,a. 较大的；主要的,0,[ˈmeɪdʒə(r)],🟠 中频拓展词汇
majority,n. 大多数 ,0,[məˈdʒɔrɪtɪ],🟠 中频拓展词汇
"make (made,made)","vt.制造,做;使得 n. 样式；制造",0,[meɪk],🟠 中频拓展词汇
male,a. 男（性）的；雄的,0,[meɪl],🟠 中频拓展词汇
man (复men),n. 成年男人;人类,0,[mæn],🟠 中频拓展词汇
manage,v. 管理；设法对付,0,[ˈmænɪdʒ],🟠 中频拓展词汇
manager,n. 经理,0,[ˈmænɪdʒə(r)],🟠 中频拓展词汇
mankind,n. 人类;（总称）人,0,[mænˈkaɪnd],🟠 中频拓展词汇
man-made,a. 人造的，人工的,0,[mæn- meɪd],🟠 中频拓展词汇
manner,n. 方式，态度，举止,0,[ˈmænə(r)],🟠 中频拓展词汇
table manners,餐桌礼节，用餐的规矩,0,[ˈteɪb(ə)l ˈmænə(r) z],🟠 中频拓展词汇
"many (more, most)",pron. 许多人（或物）a. 许多的,0,[ˈmenɪ],🟠 中频拓展词汇
map,n. 地图,0,[mæp],🟠 中频拓展词汇
maple,n. 枫树,0,[ˈmeɪp(ə)l],🟠 中频拓展词汇
maple leaves,枫叶,0,[ˈmeɪp(ə)l-li:vz],🟠 中频拓展词汇
marathon,n. 马拉松,0,[ˈmærəθ(ə)n],🟠 中频拓展词汇
marble,n. 大理石；玻璃弹子,0,[ˈmɑːb(ə)l],🟠 中频拓展词汇
march,n. 游行，行进,0,[mɑːtʃ],🟠 中频拓展词汇
March,n. 3月,0,[mɑːtʃ],🟠 中频拓展词汇
mark,"n.标记 vt.标明,作记号于",0,[mɑːk],🟠 中频拓展词汇
market,n. 市场，集市,0,[ˈmɑːkɪt],🟠 中频拓展词汇
marriage,n. 结婚，婚姻,0,[ˈmærɪdʒ],🟠 中频拓展词汇
married,a. 已婚的,0,[ˈmærɪd],🟠 中频拓展词汇
marry,v.（使）成婚，结婚,0,[ˈmærɪ],🟠 中频拓展词汇
mask,n. 口罩；面罩(具)；遮盖物 v. 戴面具；掩饰；伪装,0,[mɑːsk; (US) mæsk],🟠 中频拓展词汇
mass,n. 众多;大量;（复）群众,0,[mæs],🟠 中频拓展词汇
master,vt. 精通，掌握,0,[ˈmɑːstə(r); (US) ˈmæstər],🟠 中频拓展词汇
mat,n. 垫子,0,[mæt],🟠 中频拓展词汇
match,vt. 使相配，使成对 n. 比赛，竞赛 n. 火柴,0,[mætʃ],🟠 中频拓展词汇
material,n. 材料，原料,0,[məˈtɪərɪəl],🟠 中频拓展词汇
mathematics =math / maths,"n.（常作单数用）数学, (英美口语) 数学",0,[mæθəˈmætɪks],🟠 中频拓展词汇
matter,"n. 要紧事，要紧, 事情；问题 vi. 要紧，有重大关系",0,[ˈmætə(r)],🟠 中频拓展词汇
mature,a. 成熟的,0,[məˈtjʊə(r); (US) məˈtʊər],🟠 中频拓展词汇
maximum,a.& n. 最大量(的)； 最大限度(的),0,[ˈmæksɪməm],🟠 中频拓展词汇
may modal,"v. 可以;也许,可能",0,[meɪ ˈməʊd(ə)l],🟠 中频拓展词汇
May,n. 5月,0,[meɪ],🟠 中频拓展词汇
maybe,ad. 可能，大概，也许,0,[ˈmeɪbiː],🟠 中频拓展词汇
me,pron. 我（宾格）,0,"[miː, mɪ]",🟠 中频拓展词汇
meal,n. 一餐（饭） ,0,[miːl],🟠 中频拓展词汇
"mean(meant,meant)","vt.意思,意指",0,[miːn],🟠 中频拓展词汇
meaning,n. 意思，含意,0,[ˈmiːnɪŋ],🟠 中频拓展词汇
means,n. 方法，手段；财产,0,[miːnz],🟠 中频拓展词汇
meanwhile,ad. 同时,0,[ˈmiːnwaɪl; (US) ˈmɪnhwaɪl],🟠 中频拓展词汇
measure,v. 量,0,[ˈmeʒə(r)],🟠 中频拓展词汇
meat,n.（猪、牛、羊等的）肉,0,[miːt],🟠 中频拓展词汇
medal,n. 奖牌,0,[ˈmed(ə)l],🟠 中频拓展词汇
gold medal,金牌,0,[ɡəʊld ˈmed(ə)l],🟠 中频拓展词汇
media,n. 大众传播媒介,0,[ˈmiːdɪə],🟠 中频拓展词汇
medical,a. 医学的，医疗的,0,[ˈmedɪk(ə)l],🟠 中频拓展词汇
medicine,n. 药,0,[ˈmeds(ə)n; (US) ˈmedɪsn],🟠 中频拓展词汇
medium,"n.媒体,中间的,中等的",0,[ˈmiːdɪəm],🟠 中频拓展词汇
"meet (met, met)",vt./ n. 遇见，见到 会；集会,0,[miːt],🟠 中频拓展词汇
meeting,"n.会,集会,会见,汇合点",0,[ˈmiːtɪŋ],🟠 中频拓展词汇
melon,n. （甜）瓜；瓜状物,0,[ˈmelən],🟠 中频拓展词汇
member,n. 成员，会员,0,[ˈmembə(r)],🟠 中频拓展词汇
memorial,n. 纪念馆,0,[mɪˈmɔːrɪəl],🟠 中频拓展词汇
memory,n. 回忆，记忆,0,[ˈmemərɪ],🟠 中频拓展词汇
memorize,v. 记忆,0,[ˈmeməraɪz],🟠 中频拓展词汇
mend,v. 修理，修补,0,[mend],🟠 中频拓展词汇
mental,a. 精神的；脑力的,0,[ˈment(ə)l],🟠 中频拓展词汇
mentally,ad. 精神上；智力上,0,[ˈmentəlɪ],🟠 中频拓展词汇
mention,n. 提及；记载 vt. 提到，说起；提名表扬,0,[ˈmenʃ(ə)n],🟠 中频拓展词汇
menu,n. 菜单,0,[ˈmenʃ(ə)n],🟠 中频拓展词汇
merchant,a. 商业的；商人的 n. 商人；生意人,0,[ˈmɜːtʃənt],🟠 中频拓展词汇
merciful,a. 仁慈的；宽大的,0,[ˈmɜːsɪfʊl],🟠 中频拓展词汇
mercy,n. 怜悯,0,[ˈmɜːsɪ],🟠 中频拓展词汇
merely,ad. 仅仅，只不过,0,[ˈmɪəlɪ],🟠 中频拓展词汇
merry,a. 高兴的，愉快的,0,[ˈmerɪ],🟠 中频拓展词汇
mess,n. 凌乱,0,[mes],🟠 中频拓展词汇
message,n. 消息，音信,0,[ˈmesɪdʒ],🟠 中频拓展词汇
messy,a. 乱七八糟的,0,[ˈmesɪ],🟠 中频拓展词汇
metal,n. 金属 a. 金属制成的,0,[ˈmet(ə)l],🟠 中频拓展词汇
method,n. 方法，办法,0,[ˈmeθəd],🟠 中频拓展词汇
metre (美meter),n. 米，公尺,0,[ˈmi:tə],🟠 中频拓展词汇
Mexican,a. 墨西哥的,0,[ˈmeksɪkən],🟠 中频拓展词汇
Mexico,* n. 墨西哥,0,[ˈmeksɪkəʊ],🟠 中频拓展词汇
microcomputer,n. 微机,0,[ˈmaɪkrəʊkəmpjuːtə(r)],🟠 中频拓展词汇
microscope,n. 显微镜,0,[ˈmaɪkrəskəʊp],🟠 中频拓展词汇
microwave,n. 微波,0,[ˈmaɪkrəʊweɪv],🟠 中频拓展词汇
mid-autumn,n. 中秋,0,[mɪd- ˈɔːtəm],🟠 中频拓展词汇
midday,"n. 中午, 正午",0,[ˈmɪddeɪ],🟠 中频拓展词汇
middle,n. 中间;当中;中级的,0,[ˈmɪd(ə)l],🟠 中频拓展词汇
Middle East,n. 中东,0,[ˈmɪd(ə)l iːst],🟠 中频拓展词汇
midnight,n. 午夜,0,[ˈmɪdnaɪt],🟠 中频拓展词汇
might,v. aux. (may的过去式，助动词) 可能，也许，或许,0,[maɪt],🟠 中频拓展词汇
mild,"a. 温和,暖和的,凉爽的",0,[maɪld],🟠 中频拓展词汇
mile,n. 英里,0,[maɪl],🟠 中频拓展词汇
milk,n. 牛奶 vt. 挤奶,0,[mɪlk],🟠 中频拓展词汇
million,num. 百万 n. 百万个（人或物）,0,[ˈmɪlɪən],🟠 中频拓展词汇
millionaire,n. 百万富翁,0,[mɪljəˈneə(r)],🟠 中频拓展词汇
mind,"n. 思想,想法 v.介意,关心",0,[maɪnd],🟠 中频拓展词汇
mine,"n.矿藏,矿山vt.开采(矿物) pron. 我的",0,[maɪn],🟠 中频拓展词汇
mineral,n. 矿物质，矿物,0,[ˈmɪnər(ə)l],🟠 中频拓展词汇
minibus,n. 小型公共汽车,0,[ˈmɪnɪbʌs],🟠 中频拓展词汇
minimum,a.最小的,0,[ˈmɪnɪməm],🟠 中频拓展词汇
miniskirt,n. 超短裙,0,[ˈmɪnɪskɜːt],🟠 中频拓展词汇
minister,n. 部长；牧师,0,[ˈmɪnɪstə(r)],🟠 中频拓展词汇
ministry,n.（政府的）部,0,[ˈmɪnɪstrɪ],🟠 中频拓展词汇
minority,n. 少数；少数民族,0,[maɪˈnɔrɪtɪ; (US) -ˈnɔːr-],🟠 中频拓展词汇
minus,prep. & a.负的，减去的,0,[ˈmaɪnəs],🟠 中频拓展词汇
minute,n. 分钟;一会儿，瞬间,0,[ˈmɪnɪt],🟠 中频拓展词汇
mirror,n. 镜子,0,[ˈmɪrə(r)],🟠 中频拓展词汇
miss,vt. 失去，错过，缺,0,[mɪs],🟠 中频拓展词汇
Miss.,"n.小姐,女士(称呼未婚妇女)",0,[mɪs],🟠 中频拓展词汇
missile,n 导弹,0,[ˈmɪsaɪl],🟠 中频拓展词汇
mist,n. 雾,0,[mɪst],🟠 中频拓展词汇
"mistake (mistook, mistaken)",n. 错误 vt. 弄错,0,[mɪsˈteɪk],🟠 中频拓展词汇
mistaken,a. 错误的,0,[mɪsˈteɪkən],🟠 中频拓展词汇
"misunderstand (-stood, -stood)",v. 误会；不理解,0,[mɪsʌndəˈstænd],🟠 中频拓展词汇
mix,v. 混合，搅拌,0,[mɪks],🟠 中频拓展词汇
mixture,n. 混合物,0,[ˈmɪkstʃə(r)],🟠 中频拓展词汇
mm (缩) = millimetre,n. 毫米,0,[ˈmiliˌmi:tə(r)],🟠 中频拓展词汇
mobile,a. 活动的，可移动的,0,[ˈməʊbaɪl; (US) məʊbl],🟠 中频拓展词汇
mobile phone,手提电话，手机,0,[ˈməʊbaɪl fəʊn],🟠 中频拓展词汇
model,"n.模型,原形,范例,模范",0,[ˈmɔd(ə)l],🟠 中频拓展词汇
modem,n. 调制解调器,0,[ˈməʊdem],🟠 中频拓展词汇
modern,a. 现代的,0,[ˈmɔd(ə)n],🟠 中频拓展词汇
modest,a. 谦虚的；谦逊的,0,[ˈmɔdɪst],🟠 中频拓展词汇
Mom =Mum,n. 妈妈,0,[mɒm],🟠 中频拓展词汇
moment,n. 片刻，瞬间,0,[ˈməʊmənt],🟠 中频拓展词汇
mommy = mummy,n. 妈妈（美）,0,[ˈmɔmɪ],🟠 中频拓展词汇
Monday,n. 星期一,0,"[ˈmʌndeɪ, ˈmʌndɪ]",🟠 中频拓展词汇
money,n. 钱；货币,0,[ˈmʌnɪ],🟠 中频拓展词汇
monitor,n. （班级内的）班长；纠察生；监视器,0,[ˈmɔnɪtə(r)],🟠 中频拓展词汇
monkey,n. 猴子,0,[ˈmʌŋkɪ],🟠 中频拓展词汇
month,n. 月，月份,0,[mʌnθ],🟠 中频拓展词汇
monument,n. 纪念碑，纪念物,0,[ˈmɔnjʊmənt],🟠 中频拓展词汇
moon,n. 月球；月光；月状物,0,[muːn],🟠 中频拓展词汇
moon cake,n. 月饼,0,[muːn keɪk],🟠 中频拓展词汇
mop,n. / v. 拖把 拖地,0,[mɔp],🟠 中频拓展词汇
moral,"a.道德的 n.寓意,道德启示",0,[ˈmɔr(ə)l; (US) ˈmɔːrəl],🟠 中频拓展词汇
more（much或many 的比较级）,a./ ad.另外的；附加的；较多的再；另外；而且；更 n. 更多的量；另外的一些,0,[mɔː(r)],🟠 中频拓展词汇
morning,n. 早晨，上午,0,[ˈmɔːnɪŋ],🟠 中频拓展词汇
Moscow,n. 莫斯科,0,[ˈmɔskəʊ],🟠 中频拓展词汇
Moslem,"n. 伊斯兰教徒,回教徒",0,[ˈmɔzləm],🟠 中频拓展词汇
Mosquito,n.蚊子,0,[məˈskiːtəʊ],🟠 中频拓展词汇
most (much或many 的最高级),"a. & ad.最多 n.大部分,大多数",0,[məʊst; (US) mɔːst],🟠 中频拓展词汇
mother,n. 母亲,0,[ˈmʌðə(r)],🟠 中频拓展词汇
motherland,n. 祖国,0,[ˈmʌðəlænd],🟠 中频拓展词汇
motivation,n. （做事的）动机,0,[məʊtɪˈveɪʃn],🟠 中频拓展词汇
motor,n. 发动机，马达,0,[ˈməʊtə(r)],🟠 中频拓展词汇
motorbike,n. 摩托车,0,[ˈməʊtəbaɪk],🟠 中频拓展词汇
motorcycle,n. 摩托车,0,[ˈməʊtəsaikl],🟠 中频拓展词汇
motto,n. 箴言，格言,0,[ˈmɔtəʊ],🟠 中频拓展词汇
mountain(s),n. 山，山脉,0,[ˈmaʊntɪn(z)],🟠 中频拓展词汇
mountainous,a. 多山的,0,[ˈmaʊntɪnəs],🟠 中频拓展词汇
mourn,vt. 哀痛； 哀悼,0,[mɔːn],🟠 中频拓展词汇
mouse (复mice),n. 鼠，耗子；（计算机）鼠标,0,[maʊs],🟠 中频拓展词汇
moustache,n. 小胡子,0,[məsˈtɑ:ʃ],🟠 中频拓展词汇
mouth,n. 嘴，口,0,[maʊθ],🟠 中频拓展词汇
mouthful,n. 满口，一口,0,[ˈmaʊθfʊl],🟠 中频拓展词汇
from mouth to mouth,ad. 口口相传；人传人地,0,[],🟠 中频拓展词汇
move,v. 移动，搬动，搬家,0,[muːv],🟠 中频拓展词汇
movement,n. 运动，活动,0,[ˈmuːvmənt],🟠 中频拓展词汇
movie,n.（口语）电影,0,[ˈmuːvɪ],🟠 中频拓展词汇
Mr. (mister),n. 先生（用于姓名前）,0,[ˈmɪstə(r)],🟠 中频拓展词汇
Mrs. (mistress),"n. 夫人, 太太（称呼已婚妇女）",0,[ˈmɪsɪz],🟠 中频拓展词汇
Ms.,n. 女士(用在婚姻状况不明的女子姓名前),0,[mɪz],🟠 中频拓展词汇
much (more，most),a. 许多的，大量的 ad. 非常；更加 n. 许多，大量，非常,0,[mʌtʃ],🟠 中频拓展词汇
mud,"n. 泥, 泥浆",0,[mʌd],🟠 中频拓展词汇
muddy,a. 泥泞的,0,[ˈmʌdɪ],🟠 中频拓展词汇
multiply,vt. 乘；使相乘,0,[ˈmʌltɪplaɪ],🟠 中频拓展词汇
murder,vt. 谋杀,0,[ˈmɜːdə(r)],🟠 中频拓展词汇
museum,n. 博物馆，博物院,0,[mjuːˈzɪəm],🟠 中频拓展词汇
mushroom,n. 蘑菇,0,[ˈmʌʃrʊm],🟠 中频拓展词汇
music,n. 音乐，乐曲,0,[ˈmjuːzɪk],🟠 中频拓展词汇
musical,a. 音乐的，爱好音乐的 n. 音乐片,0,[ˈmjuːzɪk(ə)l],🟠 中频拓展词汇
musician,n. 音乐家，乐师,0,[mjuːˈzɪʃ(ə)n],🟠 中频拓展词汇
must modal,"v.必须,应当;必定是",0,[mʌst ˈməʊd(ə)l],🟠 中频拓展词汇
mustard,n. 芥末，芥子粉,0,[ˈmʌstəd],🟠 中频拓展词汇
mutton,n. 羊肉,0,[ˈmʌt(ə)n],🟠 中频拓展词汇
my,pron. 我的,0,[maɪ],🟠 中频拓展词汇
myself,pron. 我自己,0,[maɪˈself],🟠 中频拓展词汇
nail,n. 钉，钉子,0,[neɪl],🟠 中频拓展词汇
name,"n. 名字,姓名,名称 vt. 命名,名叫",0,[neɪm],🟠 中频拓展词汇
narrow,a. 狭窄的,0,[ˈnærəʊ],🟠 中频拓展词汇
nation,n. 民族，国家,0,[ˈneɪʃ(ə)n],🟠 中频拓展词汇
national,"a. 国家的,全国性的，民族的",0,[ˈnæʃən(ə)l],🟠 中频拓展词汇
nationality,n. 国籍,0,[næʃəˈnælətɪ],🟠 中频拓展词汇
nationwide,"ad.全国范围内的,全国性的",0,[ˈneɪʃ(ə)nwaɪd],🟠 中频拓展词汇
native,a. 本土的，本国的,0,[ˈneɪtɪv],🟠 中频拓展词汇
natural,a. 自然的,0,[ˈnætʃər(ə)l],🟠 中频拓展词汇
nature,"n. 自然, 性质，种类",0,[ˈneɪtʃə(r)],🟠 中频拓展词汇
navy,n. 海军,0,[ˈneɪvɪ],🟠 中频拓展词汇
near,a. 近的 ad. 附近，邻近 prep. 在……附近，靠近,0,[nɪə(r)],🟠 中频拓展词汇
nearby,a. 附近的,0,[ˈnɪəbaɪ],🟠 中频拓展词汇
nearly,ad. 将近，几乎,0,[ˈnɪəlɪ],🟠 中频拓展词汇
neat,a. 整洁的；灵巧的,0,[niːt],🟠 中频拓展词汇
necessary,a. 必需的，必要的,0,[ˈnesəsərɪ; (US) ˈnesəserɪ],🟠 中频拓展词汇
neck,n. 颈，脖子,0,[nek],🟠 中频拓展词汇
necklace,n. 项链,0,[ˈneklɪs],🟠 中频拓展词汇
necktie,n. 领带，领花,0,[ˈnektaɪ],🟠 中频拓展词汇
need,"n. 需要,需求aux.& v.需要,必须",0,[niːd],🟠 中频拓展词汇
needle,n. 针,0,[niːd(ə)l],🟠 中频拓展词汇
negotiate,v.谈判，协商,0,[nɪˈɡəʊʃɪeɪt],🟠 中频拓展词汇
neighbour (美neighbor),n. 邻居，邻人,0,[ˈneɪbə(r)],🟠 中频拓展词汇
neighbourhood (美neighborhood),n. 四邻；邻近地区,0,[ˈneibəhud],🟠 中频拓展词汇
neither,a. （两者）都不;也不,0,"[ˈnaɪðə(r), ˈniːðə(r)]",🟠 中频拓展词汇
nephew,n. 侄子，外甥,0,"[ˈnefjuː, ˈnevjuː]",🟠 中频拓展词汇
nervous,a. 紧张不安的,0,[ˈnɜːvəs],🟠 中频拓展词汇
nest,n. 巢；窝,0,[nest],🟠 中频拓展词汇
net,n. 网,0,[net],🟠 中频拓展词汇
network,n. 网络，网状系统,0,[ˈnetwɜːk],🟠 中频拓展词汇
never,ad. 决不，从来没有,0,[ˈnevə(r)],🟠 中频拓展词汇
new,a. 新的；新鲜的,0,[njuː; (US) nuː],🟠 中频拓展词汇
New York,n. 纽约,0,[njuː jɔːk],🟠 中频拓展词汇
New Zealand,* n. 新西兰,0,[njuː ˈzi:lənd],🟠 中频拓展词汇
New Zealander,n. 新西兰人,0,[njuː ˈzi:ləndə],🟠 中频拓展词汇
news,n. 新闻，消息,0,[njuːz; (US) nuːz],🟠 中频拓展词汇
newspaper,n. 报纸,0,[njuːz; (US) nuːz],🟠 中频拓展词汇
next,a. 最近的，紧挨着的，隔壁的；下一次 ad. 随后，然后，下一步 n. 下一个人（东西）,0,[nekst],🟠 中频拓展词汇
nice,a.令人愉快;好的漂亮的,0,[naɪs],🟠 中频拓展词汇
niece,n. 侄女，甥女,0,[niːs],🟠 中频拓展词汇
night,n. 夜；夜间,0,[naɪt],🟠 中频拓展词汇
night-club,n. 夜总会,0,[naɪt-klʌb],🟠 中频拓展词汇
nine,num. 九,0,[naɪn],🟠 中频拓展词汇
nineteen,num. 十九,0,[naɪnˈtiːn],🟠 中频拓展词汇
ninety,num. 九十,0,[ˈnaɪntɪ],🟠 中频拓展词汇
ninth,num. 第九,0,[naɪnθ],🟠 中频拓展词汇
no,"ad. 不,不是 a.没有,无,不",0,[nəʊ],🟠 中频拓展词汇
No.(缩) = number,n.数字;号码,0,[ˈnʌmbə(r)],🟠 中频拓展词汇
noble,a. 高贵的，贵族的,0,[ˈnəʊb(ə)l],🟠 中频拓展词汇
nobody,n. 渺小人物 pron. 没有人，谁也不,0,[ˈnəʊbədɪ],🟠 中频拓展词汇
nod,vi. 点头,0,[nɔd],🟠 中频拓展词汇
noise,n. 声音，噪声，喧闹声,0,[nɔɪz],🟠 中频拓展词汇
noisily,ad. 喧闹地,0,[ˈnɔɪzɪlɪ],🟠 中频拓展词汇
noisy,a. 喧闹的，嘈杂的,0,[ˈnɔɪzɪ],🟠 中频拓展词汇
none,"pron.无任何东西, 无一人",0,[nʌn],🟠 中频拓展词汇
non-stop,"a.& ad.不停的,不断地",0,[nʌn-stɔp],🟠 中频拓展词汇
non-violent,a. 非暴力的,0,[nɔn-ˈvaɪələnt],🟠 中频拓展词汇
noodle,n. 面条,0,[ˈnuːd(ə)l],🟠 中频拓展词汇
noon,n. 中午，正午,0,[nuːn],🟠 中频拓展词汇
nor,conj. 也不,0,[nɔː(r)],🟠 中频拓展词汇
normal,n.& a. 正常的（状态）,0,[ˈnɔːm(ə)l],🟠 中频拓展词汇
north,"a.北的;朝北的;从北来的 ad.向（在,从）北方 n.北;北方;北部",0,[nɔːθ],🟠 中频拓展词汇
northeast,n. 东北（部）,0,[nɒ:θˈi:st],🟠 中频拓展词汇
northern,a. 北方的，北部的,0,[ˈnɔːð(ə)n],🟠 中频拓展词汇
northwards,ad. 向北,0,[ˈnɔːθwədz],🟠 中频拓展词汇
northwest,n. 西北,0,[nɒ:θˈwest],🟠 中频拓展词汇
nose,n. 鼻,0,[nəʊz],🟠 中频拓展词汇
not,ad. 不，没,0,[nɔt],🟠 中频拓展词汇
note,n. 便条，笔记，注释；钞票，纸币；音符，音调 vt. 记下，记录；注意，留意,0,[nəʊt],🟠 中频拓展词汇
notebook,n. 笔记簿,0,[ˈnəʊtbʊk],🟠 中频拓展词汇
nothing,"n. 没有东西,没有什么 adv.一点也不；并不",0,[ˈnʌθɪŋ],🟠 中频拓展词汇
notice,n. 布告，通告；注意 vt. 注意，注意到,0,[ˈnəʊtɪs],🟠 中频拓展词汇
novel,n. （长篇）小说,0,[ˈnɔv(ə)l],🟠 中频拓展词汇
novelist,n. 小说家,0,[ˈnɔvəlɪst],🟠 中频拓展词汇
November,n. 11月,0,[nəʊˈvembə(r)],🟠 中频拓展词汇
now,ad. 现在,0,[naʊ],🟠 中频拓展词汇
nowadays,ad. 当今，现在,0,[ˈnaʊədeɪz],🟠 中频拓展词汇
nowhere,"ad.任何地方都不,无处",0,[ˈnəʊweə(r); (US) ˈnəʊhweər],🟠 中频拓展词汇
nuclear,a. 原子核的，原子能的，核动力的,0,[ˈnjuːklɪə(r)],🟠 中频拓展词汇
numb,a. 麻木的，失去知觉的，迟钝的,0,[nʌm],🟠 中频拓展词汇
number,"n. 数,数字,号码,数量",0,[ˈnʌmbə(r)],🟠 中频拓展词汇
nurse,n. 护士；保育员,0,[nɜːs],🟠 中频拓展词汇
nursery,n. 托儿所,0,[ˈnɜːsərɪ],🟠 中频拓展词汇
nursing,"n.(职业性的）保育,护理",0,[nɜːsɪŋ],🟠 中频拓展词汇
nut,"n.坚果,果仁(胡桃,栗子等)",0,[nʌt],🟠 中频拓展词汇
nutrition,n. 营养，滋养,0,[njuːˈtrɪʃ(ə)n],🟠 中频拓展词汇
nylon,n. 尼龙,0,[ˈnaɪlɔn],🟠 中频拓展词汇
obey,v. 服从，顺从，听从,0,[əʊˈbeɪ],🟠 中频拓展词汇
object,n. 物，物体；宾语,0,[ˈɔbdʒɪkt],🟠 中频拓展词汇
observe,v. 观察，监视，观测,0,[əbˈzɜːv],🟠 中频拓展词汇
obtain,vt. 获得；得到,0,[əbˈteɪn],🟠 中频拓展词汇
obvious,a. 显然,0,[ˈɔbvɪəs],🟠 中频拓展词汇
occupation,n. 职业，工作,0,[ɔkjʊˈpeɪʃ(ə)n],🟠 中频拓展词汇
occur,vi. 发生,0,[əˈkɜː(r)],🟠 中频拓展词汇
ocean,n. 海洋,0,[ˈəʊʃ(ə)n],🟠 中频拓展词汇
Oceania*,n. 大洋洲,0,[],🟠 中频拓展词汇
oˈclock,n. 点钟,0,[əˈklɔk],🟠 中频拓展词汇
October,n. 10月,0,[ɔkˈtəʊbə(r)],🟠 中频拓展词汇
of,"prep.(表所属,数量,) ….的",0,"[ɔv, əv; (US) ɔːf]",🟠 中频拓展词汇
off,"prep. 离开,脱离,（走）开",0,[ˈɔf; (US) ɔːf],🟠 中频拓展词汇
ad,".离开；（电自来水）停了,中断",0,[æd],🟠 中频拓展词汇
offence,n. 违法行为，犯罪,0,[of·fence || əˈfens],🟠 中频拓展词汇
offer,n.& vt. 提供；建议,0,[ˈɔfə(r); (US) ɔːfər],🟠 中频拓展词汇
office,n. 办公室,0,[ˈɔfɪs; (US) ˈɔːfɪs],🟠 中频拓展词汇
officer,"n. 军官;公务员,官员；警察，警官",0,[ˈɔfɪsə(r); (US) ˈɔːfɪsər],🟠 中频拓展词汇
official,"n.（公司、团体或政府）官员 ,高级职员 a.官方,政府的",0,[əˈfɪʃ(ə)l; (US) ˈɔːf-],🟠 中频拓展词汇
offshore,a. 近海的,0,[ˈɔfʃɔː(r); (US) ˈɔːf-],🟠 中频拓展词汇
often,ad. 经常，常常,0,[ˈɔf(ə)n; (US) ˈɔːfn],🟠 中频拓展词汇
oh,int. 哦！啊！,0,[əʊ],🟠 中频拓展词汇
oil,n. 油,0,[ɔɪl],🟠 中频拓展词汇
oilfield,n.油田,0,[ˈɔɪlfiːld],🟠 中频拓展词汇
OK,"ad. （口语）好,对,不错",0,[əʊˈkeɪ],🟠 中频拓展词汇
old,a. 老的，旧的,0,[əʊld],🟠 中频拓展词汇
Olympic(s),a. & n. 奥林匹克,0,[əˈlɪmpɪk],🟠 中频拓展词汇
Olympic Games,n. 奥运会,0,[əˈlɪmpɪk ɡeɪms],🟠 中频拓展词汇
omelette,n. 煎蛋卷；煎蛋饼,0,[ˈɔmlɪt],🟠 中频拓展词汇
on,prep. 在…上（时），关于 ad. （穿，放…）上；接通；进行下  去；（电灯）开,0,[ɔn],🟠 中频拓展词汇
once,"n.& ad. 一次,一度,从前 conj. 一旦",0,[wʌns],🟠 中频拓展词汇
one,pron. 一（个，只…）(pl. ones) num. 一,0,[wʌn],🟠 中频拓展词汇
oneself,pron. 自己；自身,0,[wʌnˈself],🟠 中频拓展词汇
onion,n. 洋葱；洋葱头,0,[ˈʌnjən],🟠 中频拓展词汇
only,a. 惟一的，仅有的 ad. 仅仅，只，才,0,[ˈəʊnlɪ],🟠 中频拓展词汇
onto,prep. 到…的上面,0,[ˈɔntʊ],🟠 中频拓展词汇
open,"a.开着的,开的 vt.开,打开",0,[ˈəʊpən],🟠 中频拓展词汇
opener,n. 开具，启子,0,[ˈəʊpənə(r)],🟠 中频拓展词汇
opening,n. 开放，口子,0,[ˈəʊpənɪŋ],🟠 中频拓展词汇
opera,n. 歌剧,0,[ˈɔpərə],🟠 中频拓展词汇
opera house,"n.歌剧院,艺术剧院",0,[ˈɔpərə haʊs],🟠 中频拓展词汇
operate,"v. 做手术，运转；实施，负责, 经营，管理",0,[ˈɔpəreɪt],🟠 中频拓展词汇
operation,n. 手术，操作,0,[ɔpəˈreɪʃ(ə)n],🟠 中频拓展词汇
operator,n. 接线员,0,[ˈɔpəreɪtə(r)],🟠 中频拓展词汇
opinion,n. 看法，见解,0,[əˈpɪnjən],🟠 中频拓展词汇
oppose,vt. 反对；反抗,0,[əˈpəʊz],🟠 中频拓展词汇
opposite,n. 相反，对面 a. 相反的，对面的,0,[ˈɔpəzɪt],🟠 中频拓展词汇
optimistic,a. 乐观的,0,[ɔptɪˈmɪstɪk],🟠 中频拓展词汇
optional,a. 可选择的，选修的,0,[ˈɔpʃən(ə)l],🟠 中频拓展词汇
or,conj. 或；就是；否则,0,"[ə(r), ɔː(r)]",🟠 中频拓展词汇
oral,a. 口述的，口头上的,0,[ˈɔːrəl],🟠 中频拓展词汇
orange,n. 橘子，橙子，橘汁 a. 橘色的，橙色的,0,[ˈɔrɪndʒ; (US) ˈɔːr-],🟠 中频拓展词汇
orbit,n.（天体等的）运行轨道,0,[ˈɔːbɪt],🟠 中频拓展词汇
order,n. 顺序,0,[ˈɔːdə(r)],🟠 中频拓展词汇
order,vt. 定购，定货；点菜,0,[ˈɔːdə(r)],🟠 中频拓展词汇
ordinary,a. 普通的，平常的,0,[ˈɔːdɪnərɪ; (US) ˈɔːrdənerɪ],🟠 中频拓展词汇
organ,n. （人，动物）器官,0,[ˈɔːɡən],🟠 中频拓展词汇
organise(美organize),vt. 组织,0,[ˈɔ:gənaiz],🟠 中频拓展词汇
organiser (organizer),n. 组织者,0,[ˈɔ:gənaizə],🟠 中频拓展词汇
organization,n. 组织，机构,0,[ɔːɡənaɪˈzeɪʃ(ə)n],🟠 中频拓展词汇
origin,n. 起源，由来,0,[ˈɔrɪdʒɪn],🟠 中频拓展词汇
other,"pron. 别人，别的东西 a. 别的,另外的",0,[ˈʌðə(r)],🟠 中频拓展词汇
otherwise,"ad.要不然,否则,另样",0,[ˈʌðəwaɪz],🟠 中频拓展词汇
Ottawa,n. 渥太华,0,[ˈɔtəwə],🟠 中频拓展词汇
ouch,int（突然受痛时叫声）哎哟,0,[aʊtʃ],🟠 中频拓展词汇
ought,v.& aux.应该，应当,0,[ɔːt],🟠 中频拓展词汇
our,pron.我们的,0,[ˈaʊə(r)],🟠 中频拓展词汇
ours,pron.我们的,0,[ˈaʊəz],🟠 中频拓展词汇
ourselves,pron. 我们自己,0,[aʊəˈselvz],🟠 中频拓展词汇
out,"ad. 出外;在外,向外;熄",0,[aʊt],🟠 中频拓展词汇
outcome,n. 结果，效果,0,[ˈaʊtkʌm],🟠 中频拓展词汇
outdoors,"ad. 在户外, 在野外",0,[aʊtˈdɔːz],🟠 中频拓展词汇
outer,a. 外部的，外面的,0,[ˈaʊtə(r)],🟠 中频拓展词汇
outgoing,"a. 爱交际的,外向的",0,[ˈaʊtɡəʊɪŋ],🟠 中频拓展词汇
outing,n. 郊游，远足,0,[ˈaʊtɪŋ],🟠 中频拓展词汇
outline,n. 概述，略述,0,[ˈaʊtlaɪn],🟠 中频拓展词汇
output,n. 产量，输出量,0,[ˈaʊtpʊt],🟠 中频拓展词汇
outside,n. 外面 ad. 在外面；向外面 prep. 在…外面,0,[aʊtˈsaɪd],🟠 中频拓展词汇
outspoken,a. 直率，坦诚,0,[aʊtˈspəʊkən],🟠 中频拓展词汇
outstanding,a. 优秀的，杰出的,0,[aʊtˈstændɪŋ],🟠 中频拓展词汇
outward(s),ad. 向外的，外出的,0,[ˈaʊtwəd],🟠 中频拓展词汇
oval,n.& adj.椭圆；椭圆形的,0,[ˈəʊv(ə)l],🟠 中频拓展词汇
over,"prep. 在…上方,越过,遍及 ad. 翻倒,遍布,越过,结束",0,[ˈəʊvə(r)],🟠 中频拓展词汇
overcoat,n. 大衣,0,[ˈəʊvəkəʊt],🟠 中频拓展词汇
overcome,v. 克服，解决,0,[əʊvəˈkʌm],🟠 中频拓展词汇
overhead,a.在头顶上;架空的,0,[əʊvəˈhed],🟠 中频拓展词汇
overlook,"v. 忽略,不予理会",0,[əʊvəˈlʊk],🟠 中频拓展词汇
overweight,"a. 太胖的,超重的",0,[əʊvəˈweɪt],🟠 中频拓展词汇
owe,vt. 欠（债等）,0,[əʊ],🟠 中频拓展词汇
own,"a. 自己的 v. 拥有,所有",0,[əʊn],🟠 中频拓展词汇
owner,n. 物主，所有人,0,[ˈəʊnə(r)],🟠 中频拓展词汇
ownership,n. 所有制,0,[ˈəʊnəʃɪp],🟠 中频拓展词汇
ox (复oxen),n. 牛；公牛,0,[ɔks],🟠 中频拓展词汇
oxygen,n. 氧；氧气,0,[ˈɔksɪdʒ(ə)n],🟠 中频拓展词汇
pace,n. 步子；节奏,0,[peɪs],🟠 中频拓展词汇
Pacific,a. 太平洋的,0,[pəˈsɪfɪk],🟠 中频拓展词汇
the Pacific Ocean,太平洋,0,[ðə pəˈsɪfɪkˈəʊʃ(ə)n],🟠 中频拓展词汇
pack,"n. 包,捆;（猎犬、野兽的）一群 v.(为运输或储存而)打包",0,[pæk],🟠 中频拓展词汇
package,n. （尤指包装好或密封的容器）一包，一袋，一盒,0,[ˈpækɪdʒ],🟠 中频拓展词汇
packet,n. 小包裹，袋,0,[ˈpækɪt],🟠 中频拓展词汇
paddle,n. 桨状物，蹼,0,[ˈpæd(ə)l],🟠 中频拓展词汇
page,n. 页，页码,0,[peɪdʒ],🟠 中频拓展词汇
pain,n. 疼痛，疼,0,[peɪn],🟠 中频拓展词汇
painful,a. 使痛的，使痛苦的,0,[ˈpeɪnfʊl],🟠 中频拓展词汇
paint,"n.油漆 vt.油漆,粉刷,绘画",0,[peɪnt],🟠 中频拓展词汇
painter,"n. 绘画者,（油）画家",0,[ˈpeɪntə(r)],🟠 中频拓展词汇
painting,n. 油画，水彩画,0,[ˈpeɪntɪŋ],🟠 中频拓展词汇
pair,n. 一双，一对,0,[peə(r)],🟠 中频拓展词汇
palace,n. 宫，宫殿,0,[ˈpælɪs],🟠 中频拓展词汇
pale,a. 苍白的，灰白的,0,[peɪl],🟠 中频拓展词汇
pan,n. 平底锅,0,[pæn],🟠 中频拓展词汇
pancake,n. 薄煎饼,0,[ˈpænkeɪk],🟠 中频拓展词汇
panda,n. 熊猫,0,[ˈpændə],🟠 中频拓展词汇
panic,"a./ v.惊慌,恐慌,惶恐不安",0,[ˈpænɪk],🟠 中频拓展词汇
paper,n. 纸；报纸,0,[ˈpeɪpə(r)],🟠 中频拓展词汇
paperwork,n. 日常文书工作,0,[ˈpeɪpəwɜːk],🟠 中频拓展词汇
paragraph,n. （文章的）段落,0,[ˈpærəɡrɑːf; (US) ˈpærəgræf],🟠 中频拓展词汇
parallel,"n. 极其相似的人,纬线",0,[],🟠 中频拓展词汇
parcel,n. 包裹,0,[ˈpɑːs(ə)l],🟠 中频拓展词汇
pardon,"n. 原谅,宽恕,对不起",0,[ˈpɑːd(ə)n],🟠 中频拓展词汇
parent,n. 父(母)，双亲,0,[ˈpeərənt],🟠 中频拓展词汇
Paris,n. 巴黎,0,[ˈpærɪs],🟠 中频拓展词汇
park,n. 公园,0,[ˈpærɪs],🟠 中频拓展词汇
park,vt. 停放（汽车）,0,[pɑːk],🟠 中频拓展词汇
parking,n. 停车,0,[ˈpɑːkɪŋ],🟠 中频拓展词汇
parrot,n. 鹦鹉,0,[ˈpærət],🟠 中频拓展词汇
part,n. 部分；成分；角色；部件；零件 a. 局部的；部分的 v. 分离；分开；分割,0,[pɑːt],🟠 中频拓展词汇
participate,v. 参加，参与,0,[pɑːˈtɪsɪpeɪt],🟠 中频拓展词汇
particular,a. 特殊的，个别的,0,[pəˈtɪkjʊlə(r)],🟠 中频拓展词汇
partly,"ad.部分地,在一定程度上",0,[ˈpɑːtlɪ],🟠 中频拓展词汇
partner,n. 搭档，合作者,0,[ˈpɑːtnə(r)],🟠 中频拓展词汇
part-time,a.& ad. 兼职的； 部分时间的（地）,0,[pɑːt -taɪm],🟠 中频拓展词汇
party,n. 聚会，晚会；党派,0,[ˈpɑːtɪ],🟠 中频拓展词汇
pass,vt. 传，递；经过；通过,0,[pɑːs; (US) pæs],🟠 中频拓展词汇
passage,n. （文章等的）一节，一段；通道；走廊,0,[ˈpæsɪdʒ],🟠 中频拓展词汇
passenger,n. 乘客，旅客,0,[ˈpæsɪndʒə(r)],🟠 中频拓展词汇
passer-by,n. 过客，过路人,0,[ˈpɑ:sə-baɪ],🟠 中频拓展词汇
passive,a. 被动的,0,[ˈpæsɪv],🟠 中频拓展词汇
passport,n. 护照,0,[ˈpɑːspɔːt; (US) ˈpæ-],🟠 中频拓展词汇
past,ad. 过 n.过去，昔日，往事 prep. 过…，走过某处,0,[pɑːst; (US) pæst],🟠 中频拓展词汇
patent,n.专利权，专利证书,0,[ˈpeɪt(ə)nt; (US) ˈpætnt],🟠 中频拓展词汇
path,n. 小道，小径,0,[pɑːθ; (US) pæθ],🟠 中频拓展词汇
patience,n. 容忍；耐心,0,[],🟠 中频拓展词汇
patient,n. 病人,0,[ˈpeɪʃ(ə)nt],🟠 中频拓展词汇
pattern,n. 式样,0,[ˈpæt(ə)n],🟠 中频拓展词汇
pause,n.& vi. 中止，暂停；停止,0,[pɔːz],🟠 中频拓展词汇
pay,"(paid, paid) v. 付钱，给…报酬 n. 工资",0,[peɪ],🟠 中频拓展词汇
P.E.(缩) =physical education,体育,0,[piːiː],🟠 中频拓展词汇
P.C.(缩) =personal computer,个人电脑,0,[piːsiː],🟠 中频拓展词汇
pea,n. 豌豆,0,[piː],🟠 中频拓展词汇
peace,n. 和平,0,[piːs],🟠 中频拓展词汇
peaceful,a. 和平的，安宁的,0,[ˈpiːsfʊl],🟠 中频拓展词汇
peach,n. 桃子,0,[piːtʃ],🟠 中频拓展词汇
pear,n. 梨子，梨树,0,[peə(r)],🟠 中频拓展词汇
peasant,n. 农民；佃农,0,[ˈpezənt],🟠 中频拓展词汇
pedestrian,n. 步行者，行人,0,[pɪˈdestrɪən],🟠 中频拓展词汇
pen,n. 钢笔，笔,0,[pen],🟠 中频拓展词汇
pencil,n. 铅笔,0,[ˈpens(ə)l],🟠 中频拓展词汇
pencil-box,n. 铅笔盒,0,[ˈpens(ə)l -bɔks],🟠 中频拓展词汇
pen-friend,n. 笔友,0,[pen- friend],🟠 中频拓展词汇
penny,(英复pence) n. （英）便士；美分,0,[ˈpenɪ],🟠 中频拓展词汇
pension,n. 养老金,0,[ˈpenʃ(ə)n],🟠 中频拓展词汇
people,n. 人，人们；人民,0,[ˈpiːp(ə)l],🟠 中频拓展词汇
pepper,n. 胡椒粉,0,[ˈpepə(r)],🟠 中频拓展词汇
per,prep. 每，每一,0,[pə(r)],🟠 中频拓展词汇
percent,n. 百分之……,0,[pəˈsent],🟠 中频拓展词汇
percentage,n. 百分率,0,[pəˈsentədʒ],🟠 中频拓展词汇
perfect,a. 完美的，极好的,0,[kwestʃəˈneə(r)],🟠 中频拓展词汇
perform,v. 表演，履行；行动,0,[pəˈfɔːm],🟠 中频拓展词汇
performance,n. 演出，表演,0,[pəˈfɔːm],🟠 中频拓展词汇
performer,n. 表演者，执行者,0,[pəˈfɔːmə(r)],🟠 中频拓展词汇
perfume,n. 香水,0,[ˈpɜːfjuːm],🟠 中频拓展词汇
perhaps,ad. 可能，或,0,[pəˈhæps],🟠 中频拓展词汇
period,n. 时期，时代,0,[ˈpɪərɪəd],🟠 中频拓展词汇
permanent,a. 永久的，永恒的,0,[ˈpɜːmənənt],🟠 中频拓展词汇
permission,"n. 允许,许可,同意",0,[pəˈmɪʃ(ə)n],🟠 中频拓展词汇
permit,"vt.许可,允许;执照 n.许可证",0,[pəˈmɪt],🟠 中频拓展词汇
person,n. 人,0,[ˈpɜːs(ə)n],🟠 中频拓展词汇
personal,a. 个人的，私人的,0,[ˈpɜːsən(ə)l],🟠 中频拓展词汇
personnel,n. 全体人员，职员,0,[pɜːsəˈnel],🟠 中频拓展词汇
personally,ad. 就自己而言,0,[ˈpɜːsənəlɪ],🟠 中频拓展词汇
persuade,vt. 说服，劝说,0,[ˈpɜːsənəlɪ],🟠 中频拓展词汇
pest,n. 害虫,0,[pest],🟠 中频拓展词汇
pet,n. 宠物，爱畜,0,[pet],🟠 中频拓展词汇
petrol,n. 石油,0,[ˈpetr(ə)l],🟠 中频拓展词汇
phenomenon (pl. phenomena),n. 现象,0,[fɪˈnɔmɪnən; (US) -nɔn-],🟠 中频拓展词汇
phone = telephone,v. 打电话 n. 电话，电话机,0,[fəʊn],🟠 中频拓展词汇
phone-booth,n. 公用电话间,0,[fəʊn-buːð],🟠 中频拓展词汇
photo =photograph,n. 照片,0,[ˈfəʊtəʊ],🟠 中频拓展词汇
photograph,n. 照片,0,[ˈfəʊtəɡrɑːf; (US) -ɡræf],🟠 中频拓展词汇
photographer,n. 摄影师,0,[fəˈtɔɡrəfə(r)],🟠 中频拓展词汇
phrase,n. 短语；习惯用语,0,[freɪz],🟠 中频拓展词汇
physical,a. 身体的；物理的,0,[ˈfɪzɪk(ə)l],🟠 中频拓展词汇
physician,n.(有行医执照的)医生,0,[fɪˈzɪʃ(ə)n],🟠 中频拓展词汇
physicist,n. 物理学家,0,[ˈfɪzɪsɪst],🟠 中频拓展词汇
physics,n. 物理（学）,0,[ˈfɪzɪks],🟠 中频拓展词汇
pianist,n. 钢琴家,0,[ˈfɪzɪks],🟠 中频拓展词汇
piano,n. 钢琴,0,[pɪˈænəʊ],🟠 中频拓展词汇
pick,v. 拾起，采集；挑选,0,[pɪk],🟠 中频拓展词汇
picnic,n.& v. 野餐,0,[ˈpɪknɪk],🟠 中频拓展词汇
picture,n. 图片，画片，照片,0,[ˈpɪktʃə(r)],🟠 中频拓展词汇
pie,n. 甜馅饼,0,[paɪ],🟠 中频拓展词汇
piece,n. 一块（片，张，件…）,0,[paɪ],🟠 中频拓展词汇
pig,n. 猪,0,[paɪ],🟠 中频拓展词汇
pile,n. 堆,0,[paɪ],🟠 中频拓展词汇
pill,n. 药丸，药片,0,[pɪl],🟠 中频拓展词汇
pillow,n. 枕头,0,[pɪl],🟠 中频拓展词汇
pilot,n. 飞行员,0,[ˈpaɪlət],🟠 中频拓展词汇
pin,"n. 别针 v. 别住, 钉住",0,[pɪn],🟠 中频拓展词汇
pine,n. 松树,0,[paɪn],🟠 中频拓展词汇
pineapple,n. 菠萝,0,[ˈpaɪnæp(ə)l],🟠 中频拓展词汇
ping-pong,n. 乒乓球,0,[pɪŋ-pɔɡ],🟠 中频拓展词汇
pink,a. 粉红色的,0,[],🟠 中频拓展词汇
pint,n.（液量单位）品脱,0,[paɪnt],🟠 中频拓展词汇
pioneer,n. 先锋，开拓者,0,[paɪəˈnɪə(r)],🟠 中频拓展词汇
pipe,n. 管子，输送管,0,[paɪp],🟠 中频拓展词汇
pity,n. 怜悯，同情,0,[ˈpɪtɪ],🟠 中频拓展词汇
place,n. 地方，处所 v. 放置，安置，安排,0,[pleɪs],🟠 中频拓展词汇
plain,a. 家常的； 普通的,0,[pleɪn],🟠 中频拓展词汇
plan,n.& v. 计划，打算,0,[plæn],🟠 中频拓展词汇
plane,n. 飞机,0,[pleɪn],🟠 中频拓展词汇
planet,n. 行星,0,[ˈplænɪt],🟠 中频拓展词汇
plant,vt. 种植，播种 n. 植物,0,[plɑːnt; (US) ˈplænt],🟠 中频拓展词汇
plastic,a. 塑料的,0,[ˈplæstɪk],🟠 中频拓展词汇
plate,n. 板；片；牌；盘子；盆子,0,[pleɪt],🟠 中频拓展词汇
platform,"n. 讲台,(车站的)月台",0,[ˈplætfɔːm],🟠 中频拓展词汇
play,v. 玩；打（球）；游戏；播放 n. 玩耍，戏剧,0,[pleɪ],🟠 中频拓展词汇
playroom,n. 游戏室,0,[],🟠 中频拓展词汇
player,n. 比赛者，选手,0,[ˈpleɪə(r)],🟠 中频拓展词汇
playground,n. 操场，运动场,0,[ˈpleɪgraʊnd],🟠 中频拓展词汇
playmate,n. 玩伴,0,[ˈpleɪmeɪt],🟠 中频拓展词汇
pleasant,a. 令人愉快的，舒适的,0,[ˈplezənt],🟠 中频拓展词汇
please,"v. 请,使人高兴,使人满意",0,[pliːz],🟠 中频拓展词汇
pleased,a. 高兴的,0,[pliːzd],🟠 中频拓展词汇
pleasure,n. 高兴，愉快,0,[pliːzd],🟠 中频拓展词汇
plenty,n. 充足，大量,0,[pliːzd],🟠 中频拓展词汇
plot,v. / n. 故事情节，密谋,0,[plɔt],🟠 中频拓展词汇
plug,n. 塞子 vt.（用塞子）把…塞住,0,[plʌɡ],🟠 中频拓展词汇
plus,prep.加，加上,0,[plʌs],🟠 中频拓展词汇
"p.m./pm, P.M. /PM","n. 下午,午后",0,[piːem],🟠 中频拓展词汇
pocket,n. （衣服的）口袋,0,[ˈpɔkɪt],🟠 中频拓展词汇
poem,n. 诗,0,[ˈpəʊɪm],🟠 中频拓展词汇
poet,n. 诗人,0,[ˈpəʊɪt],🟠 中频拓展词汇
point,v. 指，指向 n. 点；分数,0,[pɔɪnt],🟠 中频拓展词汇
poison,n. 毒药,0,[ˈpɔɪz(ə)n],🟠 中频拓展词汇
poisonous,a. 有毒的，致命的,0,[ˈpɔɪzənəs],🟠 中频拓展词汇
pole,n. 杆，电线杆；,0,[pəʊl],🟠 中频拓展词汇
the North (South) Pole,（地球的）极，极地 北（南）极,0,[ðə nɔːθpəʊ],🟠 中频拓展词汇
police,n. 警察，警务人员,0,[pəˈliːs],🟠 中频拓展词汇
policeman (复-men),"n.警察,巡警policewoman ( -women) n.女警察",0,[pəˈliːsmən],🟠 中频拓展词汇
policy,n. 政策，方针，原则,0,[ˈpɔlɪsɪ],🟠 中频拓展词汇
polish,"v.擦亮 n.擦光剂,亮光剂",0,[ˈpɔlɪsɪ],🟠 中频拓展词汇
polite,"a. 有礼貌的,有教养的",0,[pəˈlaɪt],🟠 中频拓展词汇
political,a. 政治的,0,[pəˈlɪtɪk(ə)l],🟠 中频拓展词汇
politician,n. 政治家,0,[pɔlɪˈtɪʃ(ə)n],🟠 中频拓展词汇
politics,n. 政治,0,[ˈpɔlɪtɪks],🟠 中频拓展词汇
pollute,vt. 污染,0,[pəˈluːt],🟠 中频拓展词汇
pollution,n. 污染,0,[pəˈluːʃ(ə)n],🟠 中频拓展词汇
pond,n. 池塘,0,[pɔnd],🟠 中频拓展词汇
pool,n. 水塘，水池,0,[puːl],🟠 中频拓展词汇
poor,"a.贫穷；可怜；不好的,差的",0,[pʊə(r)],🟠 中频拓展词汇
pop = popular,a. (口语) （音乐、艺术等）大众的，通俗的,0,[pɔp],🟠 中频拓展词汇
popcorn,n. 爆米花,0,[ˈpɔpkɔːn],🟠 中频拓展词汇
popular,"a. 流行,大众,受欢迎的",0,[ˈpɔpjʊlə(r)],🟠 中频拓展词汇
population,n. 人口，人数,0,[pɔpjʊˈleɪʃ(ə)n],🟠 中频拓展词汇
pork,n. 猪肉,0,[pɔːk],🟠 中频拓展词汇
porridge,n. 稀饭，粥,0,[ˈpɔrɪdʒ; (US) ˈpɔːrɪdʒ],🟠 中频拓展词汇
port,n. 港口，码头,0,[pɔːt],🟠 中频拓展词汇
portable,a.手提的，便携式的,0,[ˈpɔːtəb(ə)l],🟠 中频拓展词汇
porter,n. （火车站或旅馆处的）搬运工,0,[ˈpɔːtə(r)],🟠 中频拓展词汇
position,n. 位置,0,[pəˈzɪʃ(ə)n],🟠 中频拓展词汇
possess,vt. 占有；拥有,0,[pəˈzɪʃ(ə)n],🟠 中频拓展词汇
possession,n. 所有，拥有；财产，所有物,0,[pəˈzeʃ(ə)n],🟠 中频拓展词汇
possibility,vn. 可能，可能性,0,[pɔsɪˈbɪlɪtɪ],🟠 中频拓展词汇
possible,a. 可能的,0,[ˈpɔsɪb(ə)l],🟠 中频拓展词汇
possibly,adv. 可能地，也许,0,[],🟠 中频拓展词汇
post,n. 邮政，邮寄，邮件 v. 投寄； 邮寄,0,[pəʊst],🟠 中频拓展词汇
postage,n. 邮费,0,[ˈpəʊstɪdʒ],🟠 中频拓展词汇
postbox,n. 邮箱,0,[ˈpəʊstbɔks],🟠 中频拓展词汇
postcard,n. 明信片,0,[ˈpəʊstkɑːd],🟠 中频拓展词汇
postcode,n. （英）邮政编码,0,[ˈpəʊstkəʊd],🟠 中频拓展词汇
poster,n. (贴在公共场所的大型)招贴；广告(画),0,[ˈpəʊstə(r)],🟠 中频拓展词汇
postman,n. 邮递员,0,[ˈpəʊstmən],🟠 中频拓展词汇
postpone,vt. 推迟，延期,0,[pəʊstˈpəʊn],🟠 中频拓展词汇
pot,n. 锅，壶，瓶，罐,0,[pɔt],🟠 中频拓展词汇
potato,n. 土豆，马铃薯,0,[pəˈteɪtəʊ],🟠 中频拓展词汇
potential,a. 潜在的，可能的,0,[pəˈtenʃ(ə)l],🟠 中频拓展词汇
pound,n. 磅；英镑,0,[pəˈtenʃ(ə)l],🟠 中频拓展词汇
pour,vi. 倾泻，不断流出,0,[pɔː(r)],🟠 中频拓展词汇
powder,n. 粉，粉末,0,[ˈpaʊdə(r)],🟠 中频拓展词汇
power,n. 力，动力，电力,0,[ˈpaʊdə(r)],🟠 中频拓展词汇
powerful,a. 效力大的，强有力的，强大的,0,[ˈpaʊəfʊl],🟠 中频拓展词汇
practical,a. 实际的，适用的,0,[ˈpræktɪk(ə)l],🟠 中频拓展词汇
practice(s)e,n. 练习,0,[ˈpræktɪs],🟠 中频拓展词汇
prairie,n. 大草原,0,[ˈpreərɪ],🟠 中频拓展词汇
praise,n.& vt.赞扬，表扬,0,[preɪz],🟠 中频拓展词汇
pray,v. 祈祷；祈求,0,[preɪ],🟠 中频拓展词汇
prayer,n. 祈祷,0,[preə(r)],🟠 中频拓展词汇
precious,"a. 宝贵的, 珍贵的",0,[ˈpreʃəs],🟠 中频拓展词汇
precise,"a. 准确,精确的,确切的",0,[prɪˈsaɪs],🟠 中频拓展词汇
predict,v. 预言，预告，预报,0,[prɪˈdɪkt],🟠 中频拓展词汇
prefer,"vt.宁愿（选择）,更喜欢",0,[prɪˈfɜː(r)],🟠 中频拓展词汇
preference,n. 选择，趋向,0,[ˈprefərəns],🟠 中频拓展词汇
pregnant,a. 怀孕的,0,[ˈpreɡnənt],🟠 中频拓展词汇
prejudice,n. 偏见，成见,0,[ˈpredʒʊdɪs],🟠 中频拓展词汇
premier,n. 首相，总理,0,[ˈpremɪə(r); (US) priːˈmɪər],🟠 中频拓展词汇
preparation,n. 准备,0,[prepəˈreɪʃ(ə)n],🟠 中频拓展词汇
prepare,"vt. 准备,预备,调制,配制",0,[prɪˈpeə(r)],🟠 中频拓展词汇
prescription,n. 处方，药方,0,[prɪˈskrɪpʃ(ə)n],🟠 中频拓展词汇
present,a. 出现的，出席的 n. 礼物，赠品 vt. 呈奉，奉送,0,[ˈprez(ə)nt],🟠 中频拓展词汇
presentation,n. 演示，演出,0,[prezənˈteɪʃ(ə)n; (US) priːzenˈteʃn],🟠 中频拓展词汇
preserve,v.保护，保留，保存,0,[prezənˈteɪʃ(ə)n; (US) priːzenˈteʃn],🟠 中频拓展词汇
president,n. 总统；主席,0,[ˈprezɪdənt],🟠 中频拓展词汇
press,"vt.压,按 n.新闻界,出版社",0,[ˈprezɪdənt],🟠 中频拓展词汇
pressure,"n. 压迫,压力,压强",0,[ˈpreʃə(r)],🟠 中频拓展词汇
pretend,vi. 假装，装作,0,[ˈpreʃə(r)],🟠 中频拓展词汇
pretty,a. 漂亮的，俊俏的,0,[ˈprɪtɪ],🟠 中频拓展词汇
prevent,"vt. 防止, 预防",0,[prɪˈvent],🟠 中频拓展词汇
preview,vt. 预习;试演;预展,0,[ˈpriːvjuː],🟠 中频拓展词汇
price,n. 价格，价钱,0,[praɪs],🟠 中频拓展词汇
pride,n. 自豪，骄傲,0,[praɪd],🟠 中频拓展词汇
primary,a. 初等的；初级的,0,[ˈpraɪmərɪ],🟠 中频拓展词汇
primary school,小学,0,[ˈpraɪmərɪ skuːl],🟠 中频拓展词汇
primitive,a. 原始的，远古的,0,[ˈprɪmɪtɪv],🟠 中频拓展词汇
principle,n. 道德原则，法则,0,[ˈprɪnsɪp(ə)l],🟠 中频拓展词汇
print,vt. 印刷,0,[prɪnt],🟠 中频拓展词汇
printer,n. 打印机,0,[ˈprɪntə(r)],🟠 中频拓展词汇
printing,n. 印刷，印刷术,0,[ˈprɪntɪŋ],🟠 中频拓展词汇
prison,n. 监狱,0,[ˈprɪz(ə)n],🟠 中频拓展词汇
prisoner,n. 囚犯,0,[ˈprɪznə(r)],🟠 中频拓展词汇
private,a. 私人的,0,[ˈpraɪvɪt],🟠 中频拓展词汇
privilege,特权，特殊待遇,0,[ˈprɪvɪlɪdʒ],🟠 中频拓展词汇
prize,n. 奖赏，奖品,0,[praɪz],🟠 中频拓展词汇
probable,"a.很可能,很有希望的",0,[ˈprɔbəb(ə)l],🟠 中频拓展词汇
probably,ad. 很可能，大概,0,[ˈprɔbəb(ə)lɪ],🟠 中频拓展词汇
problem,n. 问题，难题,0,[ˈprɔbləm],🟠 中频拓展词汇
procedure,"n. 程序,手续,待遇",0,[prəˈsiːdʒə(r)],🟠 中频拓展词汇
process,"n./ v. 过程,加工,处理",0,[ˈprəʊses; (US) ˈprɔses],🟠 中频拓展词汇
produce,vt. 生产；制造,0,[prəˈdjuːs; (US) -ˈduːs],🟠 中频拓展词汇
product,n. 产品，制品,0,[ˈprɔdʌkt],🟠 中频拓展词汇
production,n. 生产；制造,0,[prəˈdʌkʃ(ə)n],🟠 中频拓展词汇
profession,n.（需要有高等教育学位的）职业（如医生或律师）,0,[prəˈfeʃ(ə)n],🟠 中频拓展词汇
professor,n. 教授,0,[prəˈfesə(r)],🟠 中频拓展词汇
profit,n. 利润，收益,0,[ˈprɔfɪt],🟠 中频拓展词汇
programme (美program),n. 节目；项目,0,[],🟠 中频拓展词汇
progress,"n.进步,上进vi.进展,进行",0,[ˈprəʊɡres; (US) ˈprɔɡres],🟠 中频拓展词汇
prohibit,v. 禁止,0,[prəˈhɪbɪt],🟠 中频拓展词汇
project,n. 工程,0,[ˈprɔdʒekt],🟠 中频拓展词汇
promise,n.& vi. 答应，允诺,0,[ˈprɔmɪs],🟠 中频拓展词汇
promote,"v.促进,推动,促销,晋升",0,[prəˈməʊt],🟠 中频拓展词汇
pronounce,vt. 发音,0,[prəˈnaʊns],🟠 中频拓展词汇
pronunciation,n. 发音,0,[prənʌnsɪˈeɪʃ(ə)n],🟠 中频拓展词汇
proper,a. 恰当的，合适的,0,[ˈprɔpə(r)],🟠 中频拓展词汇
properly,ad. 适当地,0,[ˈprɔpəlɪ],🟠 中频拓展词汇
protect,vt. 保护,0,[prəˈtekt],🟠 中频拓展词汇
protection,n. 保护,0,[prəˈtekʃ(ə)n],🟠 中频拓展词汇
proud,a. 自豪的；骄傲的,0,[praʊd],🟠 中频拓展词汇
prove,vt. 证明,0,[pruːv],🟠 中频拓展词汇
provide,vt. 提供,0,[prəˈvaɪd],🟠 中频拓展词汇
province,n. 省,0,[ˈprɔvɪns],🟠 中频拓展词汇
psychology,n. 心理学,0,[saɪˈkɔlədʒɪ],🟠 中频拓展词汇
pub,n. 酒店，酒吧,0,[pʌb],🟠 中频拓展词汇
public,"a.公共,公众的 n. 公众",0,[ˈpʌblɪk],🟠 中频拓展词汇
publicly,ad. 当众；公开地,0,[ˈpʌblɪklɪ],🟠 中频拓展词汇
publish,t. 出版，发行,0,[ˈpʌblɪʃ],🟠 中频拓展词汇
pull,拉，拖 n. 拉力，引力,0,[pʊl],🟠 中频拓展词汇
pulse,n. 脉搏，（光、能量、波等的）脉动，搏动,0,[pʌls],🟠 中频拓展词汇
pump,t. 用泵抽水,0,[ˈpʌmp],🟠 中频拓展词汇
punctual,a. 准时的,0,[ˈpʌŋktjʊəl],🟠 中频拓展词汇
punctuate,v. 加标点,0,[ˈpʌŋktjʊeɪt],🟠 中频拓展词汇
punctuation,n. 标点符号,0,[],🟠 中频拓展词汇
punish,v. 惩罚，处罚,0,[ˈpʌnɪʃ],🟠 中频拓展词汇
punishment,n. 惩罚,0,[ˈpʌnɪʃmənt],🟠 中频拓展词汇
pupil,n. （小）学生,0,[ˈpjuːpɪl],🟠 中频拓展词汇
purchase,v. 购买，采购,0,[ˈpɜːtʃəs],🟠 中频拓展词汇
pure,"a. 纯的, 不掺杂的",0,[pjʊə(r)],🟠 中频拓展词汇
purple,n. / a. 紫色,0,[ˈpɜːp(ə)l],🟠 中频拓展词汇
purpose,n. 目的，意图,0,[ˈpɜːpəs],🟠 中频拓展词汇
purse,n. 钱包,0,[pɜːs],🟠 中频拓展词汇
push,n.& v. 推,0,[pʊʃ],🟠 中频拓展词汇
"put (put, put)",vt. 放，摆,0,[pʊt],🟠 中频拓展词汇
puzzle,"n. 难题,（字、画）谜",0,[ˈpʌz(ə)l],🟠 中频拓展词汇
puzzled,a. 迷惑的，困惑的,0,[ˈpʌz(ə)l],🟠 中频拓展词汇
pyramid,n. 角锥形，金字塔,0,[ˈpɪrəmɪd],🟠 中频拓展词汇
quake,n.& v. 震动，颤抖,0,[kweɪk],🟠 中频拓展词汇
qualification,n. 资格，学历,0,[kwɔlɪfɪˈkeɪʃ(ə)n],🟠 中频拓展词汇
quality,n. 质量，性质,0,[ˈkwɔlɪtɪ],🟠 中频拓展词汇
quantity,n. 量，数,0,[ˈkwɔntətɪ],🟠 中频拓展词汇
quarrel,vi. 争吵，吵架,0,[ˈkwɔrəl; (US) ˈkwɔːrəl],🟠 中频拓展词汇
quarter,n. 四分之一，一刻钟,0,[ˈkwɔːtə(r)],🟠 中频拓展词汇
queen,n. 皇后，女王,0,[kwiːn],🟠 中频拓展词汇
question,vt. 询问 n. 问题,0,[ˈkwestʃ(ə)n],🟠 中频拓展词汇
questionnaire,n. 调查表，问卷,0,[kwestʃəˈneə(r)],🟠 中频拓展词汇
queue,n. 行列，长队,0,[kjuː],🟠 中频拓展词汇
quick,a. 快；敏捷的；急剧的 ad. 快地；敏捷地；急剧地,0,[kwɪk],🟠 中频拓展词汇
quiet,a. 安静的；寂静的,0,[ˈkwaɪət],🟠 中频拓展词汇
quilt,n. 被子；被状物,0,[kwɪlt],🟠 中频拓展词汇
quit,v. 离任，离校，戒掉,0,[kwɪt],🟠 中频拓展词汇
quite,ad. 完全，十分,0,[kwaɪt],🟠 中频拓展词汇
quiz,n. 测验，小型考试,0,[kwɪz],🟠 中频拓展词汇
rabbit,n. 兔，家兔,0,[ˈræbɪt],🟠 中频拓展词汇
race,n. 种族，民族 v. （速度）竞赛，比赛 n. 赛跑，竞赛,0,[reɪs],🟠 中频拓展词汇
racial,a. 种族的,0,[ˈreɪʃ(ə)l],🟠 中频拓展词汇
radiation,n. 放射，放射物,0,[reɪdɪˈeɪʃ(ə)n],🟠 中频拓展词汇
radio,n. 无线电，收音机,0,[reɪdɪəʊ],🟠 中频拓展词汇
radioactive,a. 放射性的,0,[reɪdɪəʊˈæktɪv],🟠 中频拓展词汇
radium,n. 镭,0,[ˈreɪdɪəm],🟠 中频拓展词汇
rag,n. 破布，抹布,0,[ræɡ],🟠 中频拓展词汇
rail,n. 铁路,0,[reɪl],🟠 中频拓展词汇
railway,n. 铁路；铁道,0,[ˈreɪlweɪ],🟠 中频拓展词汇
rain,n. 雨，雨水 vi. 下雨,0,[reɪn],🟠 中频拓展词汇
rainbow,n. 虹，彩虹,0,[ˈreɪnbəʊ],🟠 中频拓展词汇
raincoat,n. 雨衣,0,[ˈreɪnkəʊt],🟠 中频拓展词汇
rainfall,n. 一场雨； 降雨量,0,[ˈreɪnfɔːl],🟠 中频拓展词汇
rainy,a. 下雨的；多雨的,0,[ˈreɪnɪ],🟠 中频拓展词汇
raise,vt. 使升高； 饲养,0,[reɪz],🟠 中频拓展词汇
random,"a.随意,未经事先考虑的",0,[ˈrændəm],🟠 中频拓展词汇
range,n./ v. 变化，变动，排序,0,[reɪndʒ],🟠 中频拓展词汇
rank,n. 职衔，军衔,0,[ræŋk],🟠 中频拓展词汇
rapid,a. 快的，迅速的,0,[ˈræpɪd],🟠 中频拓展词汇
rare,a. 罕见的，稀有的,0,[reə(r)],🟠 中频拓展词汇
rat,n. 老鼠,0,[ræt],🟠 中频拓展词汇
rate,n./ v. 率，评估，评价,0,[reɪt],🟠 中频拓展词汇
rather,ad. 相当，宁可,0,[ˈrɑːðə; (US) ˈræðər],🟠 中频拓展词汇
raw,"a.生的,未煮过的,未加工的",0,[rɔː],🟠 中频拓展词汇
raw material,原料,0,[rɔː məˈtɪərɪəl],🟠 中频拓展词汇
ray,n. 光辉，光线,0,[reɪ],🟠 中频拓展词汇
razor,n. 剃须刀,0,[ˈreɪzə(r)],🟠 中频拓展词汇
reach,v. 到达，伸手(脚)够到,0,[riːtʃ],🟠 中频拓展词汇
react,v. 回应，过敏，起物理，化学反应,0,[riːˈækt],🟠 中频拓展词汇
"read (read, read)",v. 读；朗读,0,[riːd],🟠 中频拓展词汇
reading,n. 阅读；朗读,0,[ʃɜːt],🟠 中频拓展词汇
ready,a. 准备好的,0,[ˈredɪ],🟠 中频拓展词汇
real,a. 真实的，确实的,0,[riːl],🟠 中频拓展词汇
reality,n. 现实,0,[rɪˈælɪtɪ],🟠 中频拓展词汇
realise (美realize),"vt.认识到,实现",0,[ˈrɪəlaɪz],🟠 中频拓展词汇
really,adv. 真正地；到底；确实,0,[ˈrɪəlɪ],🟠 中频拓展词汇
reason,"vi.评理,劝说n.理由,原因",0,[ˈriːz(ə)n],🟠 中频拓展词汇
reasonable,a. 合乎情理的,0,[ˈriːzənəb(ə)l],🟠 中频拓展词汇
rebuild,vt. 重建,0,[riːˈbɪld],🟠 中频拓展词汇
receipt,n. 收据,0,[rɪˈsiːt],🟠 中频拓展词汇
receive,v. 收到，得到,0,[rɪˈsiːv],🟠 中频拓展词汇
receiver,n. 电话听筒,0,[rɪˈsiːvə(r)],🟠 中频拓展词汇
recent,a. 近来的，最近的,0,[ˈriːsənt],🟠 中频拓展词汇
reception,n. 接待,0,[rɪˈsepʃ(ə)n],🟠 中频拓展词汇
receptionist,n. 接待员,0,[rɪˈsepʃənɪst],🟠 中频拓展词汇
recipe,n. 烹饪法，食谱,0,[ˈresɪpɪ],🟠 中频拓展词汇
recite,v. 背诵,0,[rɪˈsaɪt],🟠 中频拓展词汇
recognise (美recognize),vt.认出,0,[ˈrekəɡnaɪz],🟠 中频拓展词汇
recommend,v. 推荐,0,[rekəˈmend],🟠 中频拓展词汇
record,n. 记录；唱片,0,[ˈrekɔːd; (US) ˈrekərd],🟠 中频拓展词汇
record holder,记录保持者,0,[ˈrekɔːd ˈhəʊldə(r)],🟠 中频拓展词汇
record,v. 录制，记录,0,[ˈrekɔːd; (US) ˈrekərd],🟠 中频拓展词汇
recorder,n. 录音机,0,[rɪˈkɔːdə(r)],🟠 中频拓展词汇
recover,vi. 痊愈；恢复,0,[rɪˈkʌvə(r)],🟠 中频拓展词汇
recreation,n. 娱乐，消遣,0,[rekrɪˈeɪʃ(ə)n],🟠 中频拓展词汇
recycle,vt. 回收；再循环,0,[riːˈsaɪk(ə)l],🟠 中频拓展词汇
rectangle,"n. & a.长方形,长方形的",0,[ˈrektæŋɡ(ə)l],🟠 中频拓展词汇
red,n. 红色 a.红色的,0,[red],🟠 中频拓展词汇
redirect,vt. 使改变，使转移,0,[riːdaɪˈrekt],🟠 中频拓展词汇
reduce,vt. 减少，缩减,0,[rɪˈdjuːs; (US) -ˈduːs],🟠 中频拓展词汇
refer,"vi. 谈到,提到,涉及,有关",0,[rɪˈfɜː(r)],🟠 中频拓展词汇
referee,n. 裁判，仲裁，调解员,0,[refəˈriː],🟠 中频拓展词汇
reference,"n.提到,涉及,谈及,查询",0,[ˈref(ə)rəns],🟠 中频拓展词汇
reflect,v. 反映，反射,0,[rɪˈflekt],🟠 中频拓展词汇
reform,v./ n. 改革，改进，改良,0,[rɪˈfɔːm],🟠 中频拓展词汇
refresh,v. 使恢复精力，提醒,0,[rɪˈfreʃ],🟠 中频拓展词汇
refreshments,n. 点心，便餐；(会议后的)简单茶点招待,0,[rɪˈfreʃmənt],🟠 中频拓展词汇
refrigerator,n. 冰箱,0,[rɪˈfrɪdʒəreɪtə(r)],🟠 中频拓展词汇
refusal,n. 拒绝,0,[rɪˈfjuːz(ə)l],🟠 中频拓展词汇
refuse,vi. 拒绝，不愿,0,[rɪˈfjuːz],🟠 中频拓展词汇
regard,v. 把……看作,0,[rɪˈɡɑːd],🟠 中频拓展词汇
regards,n. 问候，致意,0,[rɪˈɡɑːd],🟠 中频拓展词汇
regardless,a. 不顾，不加理会,0,[rɪˈɡɑːdlɪs],🟠 中频拓展词汇
register,n. 登记簿，花名册，注册员 v. 登记，注册,0,[ˈredʒɪstə(r)],🟠 中频拓展词汇
regret,"n./ vt.可惜,遗憾;痛惜;哀悼",0,[rɪˈɡret],🟠 中频拓展词汇
regular,a. 规则的，经常,0,[ˈreɡjʊlə(r)],🟠 中频拓展词汇
regulation,n. 规则，规章,0,[reɡjʊˈleɪʃ(ə)n],🟠 中频拓展词汇
reject,v. 拒绝,0,[rɪˈdʒekt],🟠 中频拓展词汇
relate,vi. 有关； 涉及,0,[rɪˈleɪt],🟠 中频拓展词汇
relation,n. 关系； 亲属,0,[rɪˈleɪʃ(ə)n],🟠 中频拓展词汇
relationship,n. 关系,0,[rɪˈleɪʃənʃɪp],🟠 中频拓展词汇
relative,n. 亲属，亲戚,0,[ˈrelətɪv],🟠 中频拓展词汇
relax,v. （使）放松，轻松,0,[rɪˈlæks],🟠 中频拓展词汇
relay,n. 接力，接替人，中转 v. 接替，补充；转运,0,[ˈriːleɪ],🟠 中频拓展词汇
relevant,"a. 紧密相关,有意义的",0,[],🟠 中频拓展词汇
reliable,a. 可信赖的，可依靠的,0,[rɪˈlaɪəb(ə)l],🟠 中频拓展词汇
relief,"n. 轻松,解脱,缓和,救济",0,[rɪˈliːf],🟠 中频拓展词汇
religion,n. 宗教,0,[rɪˈlɪdʒən],🟠 中频拓展词汇
religious,a. 宗教的,0,[rɪˈlɪdʒəs],🟠 中频拓展词汇
rely,v. 依赖，依靠,0,[rɪˈlaɪ],🟠 中频拓展词汇
remain,"vt.余下,留下vi.保持,仍是",0,[rɪˈmeɪn],🟠 中频拓展词汇
remark,n. 陈述；话；议论,0,[rɪˈmɑːk],🟠 中频拓展词汇
remember,v. 记得，想起,0,[rɪˈmembə(r)],🟠 中频拓展词汇
remind,vt. 提醒，使记起,0,[rɪˈmaɪnd],🟠 中频拓展词汇
remote,a. 偏远的，偏僻的,0,[rɪˈməʊt],🟠 中频拓展词汇
remove,vt. 移动，拿走，脱掉（衣服等）,0,[rɪˈmuːv],🟠 中频拓展词汇
rent,n.& v. 租金,0,[rent],🟠 中频拓展词汇
repair,n.& vt. 修理；修补,0,[rɪˈpeə(r)],🟠 中频拓展词汇
repairs,n. 修理工作,0,[rɪˈpeə(r)],🟠 中频拓展词汇
repeat,vt. 重说，重做,0,[rɪˈpiːt],🟠 中频拓展词汇
replace,vt. 取代,0,[rɪˈpleɪs],🟠 中频拓展词汇
reply,n. 回答，答复,0,[rɪˈplaɪ],🟠 中频拓展词汇
report,n.& v. 报道，报告,0,[rɪˈpɔːt],🟠 中频拓展词汇
reporter,n. 记者，新闻通讯员,0,[rɪˈpɔːtə(r)],🟠 中频拓展词汇
represent,vt. 代表,0,[reprɪˈzent],🟠 中频拓展词汇
representative,"n.代表,典型人物",0,[reprɪˈzentətɪv],🟠 中频拓展词汇
republic,n. 共和国,0,[rɪˈpʌblɪk],🟠 中频拓展词汇
reputation,n. 名声，名誉,0,[repjʊˈteɪʃ(ə)n],🟠 中频拓展词汇
request,n. 请求，要求的事物,0,[rɪˈkwest],🟠 中频拓展词汇
require,vt. 需求；要求,0,[rɪˈkwaɪə(r)],🟠 中频拓展词汇
requirement,n. 需要； 要求； 必要的条件,0,[rɪˈkwaɪəmənt],🟠 中频拓展词汇
rescue,vt. 营救，援救,0,[ˈreskjuː],🟠 中频拓展词汇
research,n. 研究，调查,0,[rɪˈsɜːtʃ],🟠 中频拓展词汇
resemble,v. （不用进行时）像，看起来像,0,[rɪˈzemb(ə)l],🟠 中频拓展词汇
reservation,n. 预定,0,[rezəˈveɪʃ(ə)n],🟠 中频拓展词汇
reserve,n. & v. 储备；预定,0,[rɪˈzɜːv],🟠 中频拓展词汇
resign,v. 辞职,0,[rɪˈzaɪn],🟠 中频拓展词汇
resist,v. 抵抗；挡开,0,[rɪˈzɪst],🟠 中频拓展词汇
respect,vt.& n. 尊敬，尊重,0,[rɪˈspekt],🟠 中频拓展词汇
respond,"v.回答,回应,作出反应",0,[rɪˈspekt],🟠 中频拓展词汇
responsibility,n. 责任，负责,0,[rɪspɔnsɪˈbɪlɪtɪ],🟠 中频拓展词汇
rest,n. 休息；剩余的部分，其余的人（物） vi. 休息，歇息,0,[rest],🟠 中频拓展词汇
restaurant,"n. 饭馆, 饭店",0,[ˈrestərɔnt; (US) ˈrestərənt],🟠 中频拓展词汇
restrict,v. 限制,0,[rɪˈstrɪkt],🟠 中频拓展词汇
restriction,n. 限制，约束,0,[rɪˈstrɪkʃ(ə)n],🟠 中频拓展词汇
result,n. 结果，效果,0,[rɪˈzʌlt],🟠 中频拓展词汇
retell,vt. 重讲，重复，复述,0,[riːˈtel],🟠 中频拓展词汇
retire,v. 退休,0,[rɪˈtaɪə(r)],🟠 中频拓展词汇
return,v. 归还,0,[rɪˈtɜːn],🟠 中频拓展词汇
reuse,vt. 重新使用；循环使用,0,[riːˈjuːz],🟠 中频拓展词汇
review,vt. 重新调查； 回顾； 复习 n. 复查；复习；评论,0,[rɪˈvjuː],🟠 中频拓展词汇
reviewer,n. 评论者；书评家,0,[rɪˈvjuːə(r)],🟠 中频拓展词汇
revision,n. 复习，温习,0,[rɪˈvɪʒ(ə)n],🟠 中频拓展词汇
revolution,n. 革命，变革,0,[revəˈluːʃ(ə)n],🟠 中频拓展词汇
reward,n. 奖赏,0,[rɪˈwɔːd],🟠 中频拓展词汇
rewind,v. 回转（磁带等）,0,[riːˈwaɪnd],🟠 中频拓展词汇
rewrite,vt. 重写,0,[riːˈraɪt],🟠 中频拓展词汇
rhyme,n./ v. 押韵,0,[raɪm],🟠 中频拓展词汇
rice,n. 稻米；米饭,0,[raɪs],🟠 中频拓展词汇
rich,a. 富裕的，有钱的,0,[rɪtʃ],🟠 中频拓展词汇
"rid (rid, rid / ridded, ridded)",vt. 使摆脱,0,[rɪd],🟠 中频拓展词汇
riddle,n. 谜(语),0,[ˈrɪd(ə)l],🟠 中频拓展词汇
ridiculous,a. 荒谬的，愚蠢的,0,[rɪˈdɪkjʊləs],🟠 中频拓展词汇
"ride (rode, ridden)",v. 骑（马、自行车）；乘车 n. 乘车旅行,0,[raɪd],🟠 中频拓展词汇
right,"n.权利 a.对,正确的 ad. 正确地,恰恰,完全地 a. 右,右边的",0,[raɪt],🟠 中频拓展词汇
right-handed,a. 惯用右手的,0,[raɪt-hænd],🟠 中频拓展词汇
right-wing,n. 右翼,0,[raɪt-wɪŋ],🟠 中频拓展词汇
"ring (rang, rung)",v. （钟、铃等）响；打电话 n. 电话，铃声 n. 环形物（如环、圈、戒指等）,0,[rɪŋ],🟠 中频拓展词汇
ring-road,n. 环形公路,0,[rɪŋ-rəʊd],🟠 中频拓展词汇
rigid,"a. 死板的,僵硬的,固执的",0,[ˈrɪdʒɪd],🟠 中频拓展词汇
ripe,a. 成熟的，熟的,0,[raɪp],🟠 中频拓展词汇
ripen,v. 成熟,0,[ˈraɪpən],🟠 中频拓展词汇
"rise (rose, risen)",vi. 上升，上涨,0,[raɪz],🟠 中频拓展词汇
risk,n./ v. 危险，风险，冒险,0,[rɪsk],🟠 中频拓展词汇
river,n. 江；河；水道；巨流,0,[ˈrɪvə(r)],🟠 中频拓展词汇
road,n. 路，道路,0,[rəʊd],🟠 中频拓展词汇
roast,v. 烤（肉）,0,[rəʊst],🟠 中频拓展词汇
rob,v. 抢夺，抢劫,0,[rɔb],🟠 中频拓展词汇
robot,n. 机器人,0,[ˈrəʊbɔt],🟠 中频拓展词汇
rock,"n.岩石,大石头vt. 摇,摇晃",0,[rɔk],🟠 中频拓展词汇
rocket,n. 火箭,0,[],🟠 中频拓展词汇
role,n. 角色,0,[rəʊl],🟠 中频拓展词汇
roll,"v. 滚动, 打滚 n. 面包圈，小圆面包；卷状物",0,[rəʊl],🟠 中频拓展词汇
roller,n. 滚筒； 辊,0,[ˈrəʊlə(r)],🟠 中频拓展词汇
roller skatingn,滑旱冰,0,[],🟠 中频拓展词汇
roof,n. 屋顶，顶部,0,[ruːf],🟠 中频拓展词汇
room,"n. 房间,室;空间;地方",0,[rʊm],🟠 中频拓展词汇
rooster,n. (美)公鸡,0,[ˈruːstə(r)],🟠 中频拓展词汇
root,n. 根，根源，起源,0,[ruːt],🟠 中频拓展词汇
rope,n. 绳，索,0,[rəʊp],🟠 中频拓展词汇
rose,n. 玫瑰花,0,[rəʊz],🟠 中频拓展词汇
rot,vi. 烂； 腐败,0,[rɔt],🟠 中频拓展词汇
rough,a. 粗糙的，粗略的,0,[rʌf],🟠 中频拓展词汇
round,ad. 转过来 prep. 环绕一周，围着 a.圆的；球形的,0,[raʊnd],🟠 中频拓展词汇
roundabout,a. & n. 绕道的，不直接的；转盘路,0,[ˈraʊndəbaʊt],🟠 中频拓展词汇
routine,"n. 常规,正常顺序,无聊",0,[ruːˈtiːn],🟠 中频拓展词汇
row,"n.（一）排,（一）行 v.划船",0,[rəʊ],🟠 中频拓展词汇
royal,a. 皇家的，王室的，国王的，女王的,0,[ˈrɔɪəl],🟠 中频拓展词汇
rubber,n. 橡胶； 合成橡胶,0,[ˈrʌbə(r)],🟠 中频拓展词汇
rubbish,n. 垃圾； 废物,0,[ˈrʌbɪʃ],🟠 中频拓展词汇
rude,"a. 无理的, 粗鲁的",0,[ruːd],🟠 中频拓展词汇
rugby,n. （英）橄榄球,0,[ˈrʌɡbɪ],🟠 中频拓展词汇
ruin,vt. （使）毁坏；（使） 毁灭 n. (复) 废墟；遗迹,0,[ˈruːɪn],🟠 中频拓展词汇
rule,"n. 规则,规定 vt.统治,支配",0,[ruːl],🟠 中频拓展词汇
ruler,n. 统治者；直尺,0,[ˈruːlə(r)],🟠 中频拓展词汇
"run (ran, run)",vi. 跑，奔跑；（颜色）褪色,0,[rʌn],🟠 中频拓展词汇
runner,n. 赛跑者；操作者；滑行装置,0,[ˈrʌnə(r)],🟠 中频拓展词汇
running,n. 跑步,0,[ˈrʌnɪŋ],🟠 中频拓展词汇
rush,vi. 冲，奔跑,0,[rʌʃ],🟠 中频拓展词汇
Russia,* n. 俄罗斯，俄国,0,[ˈrʌʃə],🟠 中频拓展词汇
Russian,a. 俄国人的，俄语的 n. 俄国人，俄语,0,[ˈrʌʃ(ə)n],🟠 中频拓展词汇
sacred,a. 害怕，恐惧，担心,0,[ˈseɪkrɪd],🟠 中频拓展词汇
sacrifice,vt. 牺牲,0,[ˈsækrɪfaɪs],🟠 中频拓展词汇
sad,a. （使人）悲伤的,0,[sæd],🟠 中频拓展词汇
sadness,n. 悲哀，忧伤,0,[ˈsædnɪs],🟠 中频拓展词汇
safe,a. 安全的 n. 保险柜,0,[seɪf],🟠 中频拓展词汇
safety,n. 安全，保险,0,[ˈseɪftɪ],🟠 中频拓展词汇
sail,n. 航行 v. 航行，开航,0,[seɪl],🟠 中频拓展词汇
sailing,n. 航海,0,[ˈseɪlɪŋ],🟠 中频拓展词汇
sailor,n. 水手，海员,0,[ˈseɪlə(r)],🟠 中频拓展词汇
salad,n. 色拉（西餐中的一种菜）,0,[ˈsæləd],🟠 中频拓展词汇
salary,n. 薪金，薪水,0,[ˈsælərɪ],🟠 中频拓展词汇
sale,n. 卖，出售,0,[seɪl],🟠 中频拓展词汇
salesgirl,n. 女售货员,0,[ˈseɪlzɡɜːl],🟠 中频拓展词汇
salesman,n. 男售货员,0,[ˈseɪlzmən],🟠 中频拓展词汇
saleswoman,n. 女售货员,0,[seɪlz‚wʊmən],🟠 中频拓展词汇
salt,n. 盐,0,"[sɔːlt, sɔlt]",🟠 中频拓展词汇
salty,a. 盐的，咸的，含盐的,0,"[ˈsɔːltɪ, ˈsɔltɪ]",🟠 中频拓展词汇
salute,v.& n. 敬礼,0,"[səˈluːt, səˈljuːt]",🟠 中频拓展词汇
same,"n.同样的事a同样的,同一",0,[seɪm],🟠 中频拓展词汇
sand,n. 沙，沙子,0,[sænd],🟠 中频拓展词汇
sandwich,n.三明治（夹心面包片）,0,[ˈsænwɪdʒ],🟠 中频拓展词汇
satellite,n. 卫星,0,[ˈsætəlaɪt],🟠 中频拓展词汇
satisfaction,n. 满意,0,[sætɪsˈfækʃ(ə)n],🟠 中频拓展词汇
satisfy,vt. 满足，使满意,0,[ˈsætɪsfaɪ],🟠 中频拓展词汇
Saturday,n. 星期六,0,"[ˈsætədeɪ, ˈsætədɪ]",🟠 中频拓展词汇
sauce,n. 酱汁； 调味汁,0,[sɔːs],🟠 中频拓展词汇
saucer,n. 茶碟，茶托，小圆盘,0,[ˈsɔːsə(r)],🟠 中频拓展词汇
sausage,n. 香肠，腊肠,0,[ˈsɔsɪdʒ; (US) ˈsɔːsɪdʒ],🟠 中频拓展词汇
savage,n. 野蛮人，未开化的人,0,[ˈsævɪdʒ],🟠 中频拓展词汇
save,vt. 救，挽救，节省,0,[seɪv],🟠 中频拓展词汇
"say (said, said)",vt. 说，讲,0,[seɪ],🟠 中频拓展词汇
saying,n. 说，俗话，谚语,0,[ˈseɪɪŋ],🟠 中频拓展词汇
scan,v. 略读，浏览，扫描,0,[skæn],🟠 中频拓展词汇
scar,n. 伤疤，伤痕,0,[skɑː(r)],🟠 中频拓展词汇
scare,v. 使害怕，使恐惧,0,[skeə(r)],🟠 中频拓展词汇
scarf,n. 领巾，围巾,0,[skɑːf],🟠 中频拓展词汇
scene,n. （戏剧、电影等的）一场，场景，布景,0,[sɪːn],🟠 中频拓展词汇
scenery,n. 风景，景色，风光,0,[ˈsiːnərɪ],🟠 中频拓展词汇
sceptical (AmE skeptical),a.怀疑的,0,[ˈskeptɪkl],🟠 中频拓展词汇
schedule,n. 工作计划，日程安排v. 安排时间，预定,0,[ˈʃedjuːl; (US) ˈskedʒʊl],🟠 中频拓展词汇
school,n. 学校,0,[skuːl],🟠 中频拓展词汇
scholar,n. 学者,0,[ˈskɔlə(r)],🟠 中频拓展词汇
scholarship,n. 奖学金,0,[ˈskɔləʃɪp],🟠 中频拓展词汇
schoolbag,n. 书包,0,[ˈsku:lbæg],🟠 中频拓展词汇
school-leaver,n.(英)学校毕业生,0,[skuːl-],🟠 中频拓展词汇
schoolmate,n. 同校同学,0,[ˈskuːlmeɪt],🟠 中频拓展词汇
science,n. 科学，自然科学,0,[ˈsaɪəns],🟠 中频拓展词汇
scientific,a. 科学的,0,[saɪənˈtɪfɪk],🟠 中频拓展词汇
scientist,n. 科学家,0,[ˈsaɪəntɪst],🟠 中频拓展词汇
scissors,n. 剪刀，剪子,0,[ˈsɪzəz],🟠 中频拓展词汇
scold,vt. 责骂,0,[skəʊld],🔴 低频生僻词汇
score,n.& v. 得分，分数,0,[skɔː(r)],🔴 低频生僻词汇
scores,n. 许多，很多,0,[skɔː(r) z],🔴 低频生僻词汇
Scotland,* n. 苏格兰,0,[ˈskɔtlənd],🔴 低频生僻词汇
Scottish,a. 苏格兰（人）的 n. 苏格兰人,0,[ˈskɔtɪʃ],🔴 低频生僻词汇
Scratch,v./ n. 划破，划痕，划伤,0,[ krætʃ ],🔴 低频生僻词汇
scream,n. 尖叫,0,[skriːm],🔴 低频生僻词汇
screen,n. 幕，荧光屏,0,[skriːn],🔴 低频生僻词汇
sculpture,n. 雕塑（术），雕刻（术），雕刻作品，雕像,0,[ˈskʌlptʃə(r)],🔴 低频生僻词汇
sea,n. 海，海洋,0,[siː],🔴 低频生僻词汇
seagull,n. 海鸥,0,[ˈsiːɡʌl],🔴 低频生僻词汇
seal,n. 海豹,0,[siːl],🔴 低频生僻词汇
seaman,n. 水手； 海员,0,[ˈsiːmən],🔴 低频生僻词汇
search,n.& v. 搜寻，搜查,0,[sɜːtʃ],🔴 低频生僻词汇
seashell,n. 海贝,0,[ˈsiːʃel],🔴 低频生僻词汇
seaside,n. 海滨,0,[ˈsiːsaɪd],🔴 低频生僻词汇
season,n. 季；季节,0,[ˈsiːz(ə)n],🔴 低频生僻词汇
seat,n. 座位，座,0,[siːt],🔴 低频生僻词汇
seaweed,"n. 海草,海藻,海带",0,[ˈsiːwiːd],🔴 低频生僻词汇
second,n.秒 num.第二a.第二的,0,[ˈsekənd],🔴 低频生僻词汇
secondhand,n. 二手货; 旧货,0,[ˈsekəndˈhænd],🔴 低频生僻词汇
secret,n. 秘密，内情,0,[ˈsiːkrɪt],🔴 低频生僻词汇
secretary,n. 秘书；书记,0,[ˈsekrətərɪ],🔴 低频生僻词汇
section,n. 段，部分，部门,0,[ˈsekʃ(ə)n],🔴 低频生僻词汇
secure,"a.安心的,有把握的,牢靠的",0,[sɪˈkjʊə(r)],🔴 低频生僻词汇
security,n. 安全，平安,0,[sɪˈkjʊərɪtɪ],🔴 低频生僻词汇
"see (saw, seen)",vt. 看见，看到；领会；拜会,0,[siː],🔴 低频生僻词汇
seed,n. 种子,0,[siːd],🔴 低频生僻词汇
melon seed,瓜子,0,[ˈmelən siːd],🔴 低频生僻词汇
"seek (sought, sought)",vt.试图;探寻,0,[siːk],🔴 低频生僻词汇
seem,v. 似乎，好像,0,[siːm],🔴 低频生僻词汇
see-saw,n. 跷跷板（游戏）,0,[siː-sɔː],🔴 低频生僻词汇
seize,vt. 抓住(时机等),0,[siːz],🔴 低频生僻词汇
seldom,ad. 很少，不常,0,[ˈseldəm],🔴 低频生僻词汇
select,vt. 选择，挑选，选拔,0,[sɪˈlekt],🔴 低频生僻词汇
self,n. 自己，自我，自身,0,[self],🔴 低频生僻词汇
selfish,a. 自私的,0,[ˈselfɪʃ],🔴 低频生僻词汇
self-service,"n.自助,自我服务的",0,[self-ˈsɜːvɪs],🔴 低频生僻词汇
"sell (sold, sold)",v. 卖，售,0,[sel],🔴 低频生僻词汇
semicircle,n. 半圆,0,[ˈsemɪsɜːk(ə)l],🔴 低频生僻词汇
"send (sent, sent)",v. 打发，派遣；送，邮寄,0,[send],🔴 低频生僻词汇
senior,"a. 年长的,资深的,高年级的 n. 上级，长辈，高年级生",0,[ˈsiːnɪə(r)],🔴 低频生僻词汇
sense,n. 感觉，意识,0,[sens],🔴 低频生僻词汇
sensitive,"a.体贴的,善解人意的",0,[ˈsensɪtɪv],🔴 低频生僻词汇
sentence,n. 句子,0,[ˈsent(ə)ns],🔴 低频生僻词汇
separate,v. 使分开，使分离a. 单独的，分开的,0,[ˈsepərət],🔴 低频生僻词汇
separately,ad. 单独地，各自地,0,[ˈsepərətlɪ],🔴 低频生僻词汇
separation,n. 分离，隔离,0,[sepəˈreɪʃ(ə)n],🔴 低频生僻词汇
September,n. 9月,0,[səpˈtembə(r)],🔴 低频生僻词汇
serious,"a.严肃的,严重的,认真的",0,[ˈsɪərɪəs],🔴 低频生僻词汇
servant,n. 仆人，佣人,0,[ˈsɜːvənt],🔴 低频生僻词汇
serve,"vt. 招待（顾客等）,服务",0,[sɜːv],🔴 低频生僻词汇
service,n. 服务,0,[ˈsɜːvɪs],🔴 低频生僻词汇
service-charge,"n. 服务费,小费",0,[ˈsɜːvɪs-tʃɑːdʒ],🔴 低频生僻词汇
session,"n.一场,一节,一段时间",0,[ˈseʃ(ə)n],🔴 低频生僻词汇
"set (set, set)",vt. 释放，安置 n. 装备，设备,0,[set],🔴 低频生僻词汇
settle,vi. 安家，定居,0,[ˈset(ə)l],🔴 低频生僻词汇
settlement,n. 新拓居地；（美）部落，村落,0,[ˈsetəlmənt],🔴 低频生僻词汇
settler,n. 移居者，开拓者,0,[ˈsetlə(r)],🔴 低频生僻词汇
seven,num. 七,0,[ˈsev(ə)n],🔴 低频生僻词汇
seventeen,num. 十七,0,[sevənˈtiːn],🔴 低频生僻词汇
seventh,num. 第七,0,[ˈsevənθ],🔴 低频生僻词汇
seventy,num. 七十,0,[ˈsevəntɪ],🔴 低频生僻词汇
several,"pron. 几个,数个 a.若干",0,[ˈsevr(ə)l],🔴 低频生僻词汇
severe,"a.极为恶劣,十分严重的",0,[sɪˈvɪə(r)],🔴 低频生僻词汇
"sew (sewed, sewn 或sewed)","vi. 缝, 缝制；缝补；缝纫",0,[səʊ],🔴 低频生僻词汇
sex,n. 性，性别,0,[seks],🔴 低频生僻词汇
shabby,"a.破旧,破烂,衣衫褴褛的",0,[ˈʃæbɪ],🔴 低频生僻词汇
shade,n. 阴凉处，树荫处,0,[ʃeɪd],🔴 低频生僻词汇
shadow,"n. 影子, 阴影",0,[ˈʃædəʊ],🔴 低频生僻词汇
"shake (shook, shak en)",v. （使）动摇，震动,0,[ʃeɪk],🔴 低频生僻词汇
shall (should),v. aux. （表示将来）将要，会；……好吗,0,"[ʃæl, ʃ(ə)l]",🔴 低频生僻词汇
shallow,"a. 浅的,不深的,肤浅的",0,[ˈʃæləʊ],🔴 低频生僻词汇
shame,n. 遗憾的事；羞愧,0,[ʃeɪm],🔴 低频生僻词汇
Shanghai,n. 上海,0,[ʃæŋˈhaɪ],🔴 低频生僻词汇
shape,n. 形状，外形 v. 使成型，制造，塑造,0,[ʃeɪp],🔴 低频生僻词汇
share,vt. 分享，共同使用,0,[ʃeə(r)],🔴 低频生僻词汇
shark,n. 鲨鱼,0,[ʃɑːk],🔴 低频生僻词汇
sharp,a. 锋利的，尖的,0,[ʃɑːp],🔴 低频生僻词汇
sharpen,v. （使）变锐利，削尖,0,[ˈʃɑːpən],🔴 低频生僻词汇
sharpener,n. 削尖用的器具,0,[ˈʃɑːpənə(r)],🔴 低频生僻词汇
pencil- sharpener,转笔刀,0,[ˈpens(ə)l-ˈʃɑːpənə(r)],🔴 低频生僻词汇
"shave (shaved, shaved 或 shaven)",v. 刮（脸，胡子）,0,[ʃeɪv],🔴 低频生僻词汇
shaver,n. 电动剃须刀,0,[],🔴 低频生僻词汇
she,pron. 她,0,[ʃiː],🔴 低频生僻词汇
sheep (复sheep),n. （绵）羊；羊皮；驯服者,0,[ʃiːp],🔴 低频生僻词汇
sheet,n. 成幅的薄片，薄板,0,[ʃiːt],🔴 低频生僻词汇
shelf (复 shelves),n. 架子；搁板；格层；礁；陆架,0,[ʃelf],🔴 低频生僻词汇
shelter,n. 掩蔽；隐蔽处,0,[ˈʃeltə(r)],🔴 低频生僻词汇
shine,n. 光泽；光彩；阳光；晴天；光(亮),0,[ʃaɪn],🔴 低频生僻词汇
"shine (shone, shone 或-d, -d)",v. 发光；照耀；杰出；擦亮,0,[ʃaɪn],🔴 低频生僻词汇
ship,n. 船，轮船 vi. 用船装运,0,[ʃɪp],🔴 低频生僻词汇
shirt,vn. 男衬衫,0,[ʃɜːt],🔴 低频生僻词汇
shock,vt. 使震惊,0,[ʃɔk],🔴 低频生僻词汇
shoe,n. 鞋,0,[ʃuː],🔴 低频生僻词汇
shoot,"(shot, shot) vt. 射击，射中，发射 n. 嫩枝；苗；芽",0,[ʃuːt],🔴 低频生僻词汇
shooting,n. 射击,0,[ˈʃuːtɪŋ],🔴 低频生僻词汇
shop,"vi. 买东西 n. 商店,车间",0,[ʃɔp],🔴 低频生僻词汇
shop assistant,(英) 售货员,0,[ʃɔp əˈsɪst(ə)nt],🔴 低频生僻词汇
shopkeeper,n. 店主，零售商人,0,[ˈʃɔpkiːpə(r)],🔴 低频生僻词汇
shopping,n. 买东西,0,[ˈʃɔpɪŋ],🔴 低频生僻词汇
shore,n. 滨，岸,0,[ʃɔː(r)],🔴 低频生僻词汇
short,a. 短的；矮的,0,[ʃɔːt],🔴 低频生僻词汇
shortcoming,n. 缺点，短处,0,[ˈʃɔːtkʌmɪŋ],🔴 低频生僻词汇
shortly,ad. 不久,0,[ˈʃɔːtlɪ],🔴 低频生僻词汇
shorts,n. 短裤；运动短裤,0,[ʃɔːts],🔴 低频生僻词汇
short wave,[weɪv],0,[ʃɔːt],🔴 低频生僻词汇
n. 短波,[ʃɔt],0,shot,🔴 低频生僻词汇
n. 射击，开枪，开炮，射击声；子弹,[ʃɔt],0,should,🔴 低频生僻词汇
"v. mod. 应当，应该，会 v. aux.会,应该（shall的过去时态）",[ˈʃəʊldə(r)],0,shoulder,🔴 低频生僻词汇
"n. 肩膀,(道路的)路肩",[ˈʃəʊldə(r)],0,shout,🔴 低频生僻词汇
n.& v. 喊，高声呼喊,[ʃəʊ],0,show,🔴 低频生僻词汇
"n. 展示,展览（会）;演出",[ʃəʊ],0,show,🔴 低频生僻词汇
"(showed, shown 或 showed) v. 给…看,出示,显示",[ˈʃaʊə(r)],0,shower,🔴 低频生僻词汇
n. 阵雨；淋浴,[ʃrɪŋk],0,"shrink (shrank, shrunk / shrunk, shrunken)",🔴 低频生僻词汇
v. 缩小，收缩，减少,[ʃʌt],0,"shut (shut, shut)",🔴 低频生僻词汇
v. / n. 关上，封闭；禁闭；,[ˈʃʌt(ə)l],0,shuttle,🔴 低频生僻词汇
vn. 合拢 （往返与两个定点之间的）（火车汽车飞机）班车/机,[ʃaɪ],0,shyv,🔴 低频生僻词汇
a. 害羞的,[sɪk],0,sick,🔴 低频生僻词汇
"a.有病,患病的,（想）呕吐",[ˈsɪknɪs],0,sickness,🔴 低频生僻词汇
n. 疾病,[ˈsɪknɪs],0,side,🔴 低频生僻词汇
n. 边，旁边，面，侧面,sideway,0,sideroad (AmE sidewalk) n.人行道,🔴 低频生僻词汇
[ˈsaɪdweɪz],sideways,0,n. 岔路，旁路,🔴 低频生僻词汇
[ˈsaɪdweɪz],sigh,0,ad. 斜向一边的,🔴 低频生僻词汇
[saɪ],sight,0,vi. 叹息；叹气,🔴 低频生僻词汇
[saɪ],sightseeing,0,n. 情景，风景；视力,🔴 低频生僻词汇
[ˈsaɪtsiːɪŋ],sign,0,n. 游览，观光,🔴 低频生僻词汇
[saɪn],signal,0,n. 符号，标记,🔴 低频生僻词汇
[ˈsɪɡn(ə)l],signature,0,n. 信号，暗号,🔴 低频生僻词汇
[ˈsɪɡnətʃə(r)],significance,0,n. 签名,🔴 低频生僻词汇
[ˈsɪɡnətʃə(r)],silence,0,n. 重要性，意义,🔴 低频生僻词汇
[ˈsaɪləns],silent,0,n. 安静，沉默,🔴 低频生僻词汇
[ˈsaɪlənt],silk,0,a. 无声的，无对话的,🔴 低频生僻词汇
[sɪlk],silly,0,n. （蚕）丝，丝织品,🔴 低频生僻词汇
[ˈsɪlɪ],silver,0,a. 傻的，愚蠢的,🔴 低频生僻词汇
[ˈsɪlvə(r)],similar,0,n. 银,🔴 低频生僻词汇
[ˈsɪmɪlə(r)],simple,0,a. 相似的，像,🔴 低频生僻词汇
[ˈsɪmp(ə)l],simple-minded,0,a. 简单的，简易的,🔴 低频生僻词汇
[ˈsɪmp(ə)l maɪndɪ],simplify,0,"a.纯朴,头脑简单",🔴 低频生僻词汇
[ˈsɪmplɪfaɪ],simply,0,v. 使简化，使简易,🔴 低频生僻词汇
[ˈsɪmplɪ],since,0,"ad.简单地,(加强语气)的确",🔴 低频生僻词汇
[sɪns],sincerely,0,ad. 从那时以来 conj. 从…以来，…以后，由于 prep. 从…以来,🔴 低频生僻词汇
[sɪnˈsɪrlɪ /-ˈsɪəl-],"sing (sang, sung)",0,ad. 真诚地,🔴 低频生僻词汇
[sɪŋ],singer,0,v. 唱，唱歌,🔴 低频生僻词汇
[sɪŋ],single,0,n. 歌唱家，歌手,🔴 低频生僻词汇
[ˈsɪŋɡ(ə)l],sink,0,a. 单一的，单个的,🔴 低频生僻词汇
[sɪŋk],"sink (sank, sunk)",0,n. 洗涤槽；污水槽,🔴 低频生僻词汇
[sɪŋk],sir,0,vi. 下沉；消沉,🔴 低频生僻词汇
[sɜː(r)],sister,0,n. 先生；阁下,🔴 低频生僻词汇
[ˈsɪstə(r)],sister-in-law,0,n. 姐；妹,🔴 低频生僻词汇
[ˈsɪstə(r) -ɪn-lɔː],"sit (sat, sat)",0,n. 嫂，弟媳,🔴 低频生僻词汇
[sɪt],situation,0,vi. 坐,🔴 低频生僻词汇
[sɪtjʊˈeɪʃ(ə)n],six,0,n. 形势，情况,🔴 低频生僻词汇
[sɪks],sixth,0,num. 六,🔴 低频生僻词汇
[sɪksθ],sixty,0,num. 第六,🔴 低频生僻词汇
[ˈsɪkstɪ],sixteen,0,num. 六十,🔴 低频生僻词汇
[ˈsɪkstɪ],sixteenth,0,num. 十六,🔴 低频生僻词汇
[sɪksˈtiːnθ],size,0,num. 第十六,🔴 低频生僻词汇
[sɪksˈtiːnθ],skate,0,n. 尺寸，大小,🔴 低频生僻词汇
[sɪksˈtiːnθ],skateboard,0,vi. 溜冰，滑冰,🔴 低频生僻词汇
[ˈskeɪtbɔːd],ski,0,n. 冰鞋，滑板,🔴 低频生僻词汇
[skiː],skill,0,n.& vi. 滑雪板；滑雪,🔴 低频生僻词汇
[skiː],skilled,0,n. 技能，技巧,🔴 低频生僻词汇
[skiː],skillful,0,a. 熟练的；有技能的,🔴 低频生僻词汇
[ˈskɪlf(ə)l],skillfully,0,"a. 熟练,精湛的,灵巧的",🔴 低频生僻词汇
[ˈskilfuli],skin,0,"ad. 精湛地,巧妙地",🔴 低频生僻词汇
[skɪn],skip,0,n. 皮，皮肤；兽皮,🔴 低频生僻词汇
[skɪp],skipping,0,v. 蹦蹦跳跳；跳绳,🔴 低频生僻词汇
[skɪpɪŋ],skirt,0,rope （跳绳用）绳,🔴 低频生僻词汇
[skɜːt],sky,0,n. 女裙,🔴 低频生僻词汇
[skaɪ],skyscraper,0,n. 天；天空,🔴 低频生僻词汇
[ˈskaɪskreɪpə(r)],slave,0,n. 摩天楼,🔴 低频生僻词汇
[sleɪv],slavery,0,n. 奴隶,🔴 低频生僻词汇
[ˈsleɪvərɪ],sleep,0,n. 奴隶制度,🔴 低频生僻词汇
[sliːp],"sleep (slept, slept)",0,n. 睡觉,🔴 低频生僻词汇
[sliːp],sleepy,0,vi. 睡觉,🔴 低频生僻词汇
[sliːp],sleeve,0,"a. 想睡的,困倦的,瞌睡的",🔴 低频生僻词汇
[sliːv],slice,0,n. 袖子，袖套,🔴 低频生僻词汇
[sliːv],slide,0,n. 片，切面（薄）片,🔴 低频生僻词汇
[slaɪd],slight,0,"n.幻灯片,滑道 v.滑行,滑动",🔴 低频生僻词汇
[slaɪt],slim,0,a. 轻微的，细小的,🔴 低频生僻词汇
[slɪm],slip,0,a. 苗条的，纤细的,🔴 低频生僻词汇
[slɪp],slow,0,n. 片，条，纸片，纸条,🔴 低频生僻词汇
[slɪp],small,0,ad. 慢慢地，缓慢地,🔴 低频生僻词汇
[smɔːl],smart,0,a. 小的，少的,🔴 低频生僻词汇
[smɑːt],"smell (smelt, smelt 或-ed,-ed)",0,a. 灵巧的，伶俐的；（人、服装等）时髦的，帅的,🔴 低频生僻词汇
[smel],smelly,0,v. 嗅，闻到；发气味 n. 气味,🔴 低频生僻词汇
[ˈsmelɪ],smile,0,"a. 有臭味的,发出臭味的",🔴 低频生僻词汇
[smaɪl],smog,0,n.& v. 微笑,🔴 低频生僻词汇
[smaɪl],smoke,0,n. 烟雾(= smoke + fog),🔴 低频生僻词汇
[smaɪl],smoke-free,0,n. 烟 v. 冒烟；吸烟,🔴 低频生僻词汇
[sməʊk-friː],smoker,0,"a. 非吸烟的,无烟的",🔴 低频生僻词汇
[ˈsməʊkə(r)],smoking,0,n. 吸烟者,🔴 低频生僻词汇
[ˈsməʊkɪŋ],smooth,0,"n. 吸烟,抽烟;冒烟",🔴 低频生僻词汇
[ˈsməʊkɪŋ],snack,0,a. 光滑的;平坦的,🔴 低频生僻词汇
[snæk],snack bar,0,n. 小吃,🔴 低频生僻词汇
[snæk bɑː],snake,0,n. 快餐店,🔴 低频生僻词汇
[sneɪk],snatch,0,n.蛇v.蛇般爬行;蜿蜒行进,🔴 低频生僻词汇
[sneɪk],sneaker,0,v. 夺，夺得，夺走,🔴 低频生僻词汇
[sneɪk],sneeze,0,n. （复）轻便运动鞋（美）,🔴 低频生僻词汇
[sneɪk],sniff,0,v. 打喷嚏,🔴 低频生僻词汇
[snɪf],snow,0,"v. 抽鼻子（哭,患感冒时）",🔴 低频生僻词汇
[snəʊ],snowball,0,n. 雪 vi.下雪,🔴 低频生僻词汇
[ˈsnəʊbɔːl],snowman,0,n. 雪球,🔴 低频生僻词汇
[ˈsnəʊmæn],snowy,0,n. 雪人,🔴 低频生僻词汇
[ˈsnəʊɪ],so,0,a. 雪(白)的；下雪的；多(积)雪的,🔴 低频生僻词汇
[səʊ],soap,0,ad. 如此，这么；非常；同样 conj. 因此，所以,🔴 低频生僻词汇
[səʊp],sob,0,n. 肥皂,🔴 低频生僻词汇
[səʊp],soccer,0,n.& v. 抽泣，啜泣,🔴 低频生僻词汇
[ˈsɔkə(r)],social,0,n.英式足球,🔴 低频生僻词汇
[ˈsəʊʃ(ə)l],socialism,0,a. 社会的；社交的,🔴 低频生僻词汇
[ˈsəʊʃəlɪz(ə)m],socialist,0,n. 社会主义,🔴 低频生僻词汇
[ˈsəʊʃəlɪst],society,0,a. 社会主义的,🔴 低频生僻词汇
[səˈsaɪətɪ],sock,0,n. 社会,🔴 低频生僻词汇
[sɔk],socket,0,n. 短袜,🔴 低频生僻词汇
[ˈsɔkɪt],sofa,0,n. （电源）插座,🔴 低频生僻词汇
[ˈsɔkɪt],soft sɔft; (US) sɔːft],0,n. （长）沙发,🔴 低频生僻词汇
a. 软的，柔和的,[sɔft; (US) sɔːft],0,software,🔴 低频生僻词汇
n. 软件,[sɔft drɪŋk],0,soft drink,🔴 低频生僻词汇
n. (不含酒精)清凉饮料,[ˈsɔftbɔːl],0,softball,🔴 低频生僻词汇
n. 垒球,[sɔɪl],0,soil,🔴 低频生僻词汇
n. 土壤，土地,[ˈsəʊlə(r)],0,solar,🔴 低频生僻词汇
a. 太阳的,[ˈsəʊldʒə(r)],0,soldier,🔴 低频生僻词汇
n. 士兵，战士,[ˈsɔlɪd],0,solid,🔴 低频生僻词汇
"a. 结实的,固体的 n.固体",[sʌm],0,some,🔴 低频生僻词汇
a. 一些，若干；有些；某一 pron. 若干，一些,[ˈsʌmbʌdɪ; ˈsʌmbədɪ],0,somebody,🔴 低频生僻词汇
pron. 某人；有人；有名气的人,[ˈsʌmwʌn],0,someone,🔴 低频生僻词汇
pron. 某一个人,[ˈsʌmθɪŋ],0,something,🔴 低频生僻词汇
pron. 某事；某物,[ˈsʌmtaɪmz],0,sometimes,🔴 低频生僻词汇
ad. 有时,[ˈsʌmtaɪmz],0,somewhere,🔴 低频生僻词汇
ad. 在某处,[sʌn],0,son,🔴 低频生僻词汇
n. 儿子,[sʌn],0,song,🔴 低频生僻词汇
n. 歌唱；歌曲,[sʌn],0,soon,🔴 低频生僻词汇
"ad. 不久,很快,一会儿",[ˈsɔrəʊ],0,sorrow,🔴 低频生僻词汇
n. 悲伤，悲痛,[ˈsɔrɪ],0,sorry,🔴 低频生僻词汇
"a. 对不起,抱歉;难过的",[sɔːt],0,sort,🔴 低频生僻词汇
v],so-so,0,t. 把…分类，拣选 n. 种类，类别,🔴 低频生僻词汇
[səʊ-səʊ],soul,0,a. 一般；不怎么样；凑合,🔴 低频生僻词汇
[səʊl],sound,0,n. 灵魂；心灵；气魄,🔴 低频生僻词汇
[saʊnd],soup,0,"vi.听起来,发出声音n.声音",🔴 低频生僻词汇
[suːp],sour,0,n. 汤,🔴 低频生僻词汇
[ˈsaʊə(r)],south,0,a. 酸的，馊的,🔴 低频生僻词汇
[ˈsaʊə(r)],southeast,0,a. 南(方)的；向南的；从南来的 ad. 在南方；向南方；自南方 n. 南；南方；南风；南部,🔴 低频生僻词汇
[‚saʊθˈɪːs],southern,0,n. 东南,🔴 低频生僻词汇
[ˈsʌð(ə)n],southwest,0,a. 南部的，南方的,🔴 低频生僻词汇
[sauθˈwest],souvenirs,0,n. 西南,🔴 低频生僻词汇
[suːvəˈnɪə(r); (US) ˈsuːvənɪər],"sow (sowed, sown 或-ed)",0,"n.旅游纪念品,纪念物",🔴 低频生僻词汇
[səʊ],space,0,vt.播种,🔴 低频生僻词汇
[speɪs],spaceship,0,n. 空间,🔴 低频生僻词汇
[ˈspeɪsʃɪp],spade,0,n. 宇宙飞船,🔴 低频生僻词汇
[speɪd],spaghettiv,0,n. 铲子;纸牌中的黑桃,🔴 低频生僻词汇
[],Spain*,0,n. 意大利式面条,🔴 低频生僻词汇
[speɪn],Spanish,0,n. 西班牙,🔴 低频生僻词汇
[ˈspænɪʃ],spare,0,a. 西班牙人的，西班牙的，西班牙语的 n. 西班牙语,🔴 低频生僻词汇
[speə(r)],sparrow,0,"a. 空闲,多余的，剩余的",🔴 低频生僻词汇
[ˈspærəʊ],"speak (spoke, spoken)",0,n. 麻雀，雀型鸟类,🔴 低频生僻词汇
[ˈspærəʊ],speaker,0,v. 说，讲；谈话；发言,🔴 低频生僻词汇
[ˈspiːkə(r)],spear,0,n. 演讲人，演说家,🔴 低频生僻词汇
[spɪə(r)],special,0,n. 矛，枪，梭镖,🔴 低频生僻词汇
[ˈspeʃ(ə)l],specialist,0,a. 特别的，专门的,🔴 低频生僻词汇
[ˈspeʃəlɪst],specific,0,n. （医学）专家，专科医生；专家；专业人员,🔴 低频生僻词汇
[spɪˈsɪfɪk],speech,0,"a.明确的,具体的,独特的",🔴 低频生僻词汇
[spiːtʃ],speed,0,n. 演讲,🔴 低频生僻词汇
[spiːd],spell,0,n. 速度 v. （使）加速,🔴 低频生僻词汇
[spiːd],spelling,0,vt. 拼写,🔴 低频生僻词汇
[ˈspelɪŋ],"spend (spent, spent)",0,n. 拼写，拼读,🔴 低频生僻词汇
[ˈspelɪŋ],spin,0,v. 度过；花费（钱、时间等）,🔴 低频生僻词汇
[spɪn],spirit,0,v.& n. 纺，（使）快速旋转；旋转，旋转运动,🔴 低频生僻词汇
[ˈspɪrɪt],spiritual,0,n. 精神,🔴 低频生僻词汇
[ˈspɪrɪtʃʊəl],spit,0,a. 精神的； 心灵的,🔴 低频生僻词汇
[spɪt],splendid,0,v. 吐唾沫；吐痰,🔴 低频生僻词汇
[ˈsplendɪd],split,0,a. 灿烂的，辉煌的；（口语）极好的,🔴 低频生僻词汇
[splɪt],spoken,0,v. 撕开;切开,🔴 低频生僻词汇
[ˈspəʊkən],spoken man/ woman (pl. spokemen/ women),0,a. 口语的,🔴 低频生僻词汇
[ˈspəʊkən mæn],sponsor,0,n. 发言人,🔴 低频生僻词汇
[ˈspɔnsə(r)],spoon,0,n. 赞助者，赞助商,🔴 低频生僻词汇
[spuːn],spoonful,0,"n. 匙, 调羹",🔴 低频生僻词汇
[ˈspuːnfʊl],sport,0,n. 一匙（的量）,🔴 低频生僻词汇
[spɔːt],spot,0,vn. 体育运动，锻炼；(复，英)运动会,🔴 低频生僻词汇
[spɔt],spray,0,n. 斑点，污点；场所，地点 v. 沾上污渍，弄脏,🔴 低频生僻词汇
[spreɪ],spread,0,"n. / v. 水雾,喷雾(器)喷洒",🔴 低频生僻词汇
[spred],spring,0,v. 延伸； 展开,🔴 低频生僻词汇
[sprɪŋ],spy,0,"n. 春天,春季 n. 泉水,泉",🔴 低频生僻词汇
[spaɪ],square,0,"n. 密探,间谍 v.侦探,刺探",🔴 低频生僻词汇
[skweə(r)],squeeze,0,n. 广场 a. 平方的；方形的，宽而结实的（体格，肩膀）,🔴 低频生僻词汇
[],squid,0,n. 挤压，捏，塞,🔴 低频生僻词汇
[skwɪd],squirrel,0,n. 鱿鱼,🔴 低频生僻词汇
[ˈskwɪr(ə)l; (US) ˈskwɜːrəl],stable,0,n. 松鼠,🔴 低频生僻词汇
[ˈsteɪb(ə)l],stadium,0,a. 稳固的，牢固的,🔴 低频生僻词汇
[ˈsteɪdɪəm],staff,0,n. （露天）体育场,🔴 低频生僻词汇
[stɑːf],stage,0,n. 全体职工（雇员）,🔴 低频生僻词汇
[steɪdʒ],stain,0,n. 舞台；阶段,🔴 低频生僻词汇
[steɪn],stainless,0,n. 污点，污渍，染色剂,🔴 低频生僻词汇
[ˈsteɪnlɪs],stainless steel,0,a. 无污点的,🔴 低频生僻词汇
[ˈsteɪnlɪs stiːl],stair,0,不锈钢,🔴 低频生僻词汇
[steə(r)],stamp,0,n. 楼梯,🔴 低频生僻词汇
[stæmp],stand,0,n. 邮票,🔴 低频生僻词汇
[stænd],"stand (stood, stood)",0,n. 站；立；停止；立场；地位；台；坛；摊,🔴 低频生僻词汇
[stænd],standard,0,v. 站；立；起立；坐落；经受；持久,🔴 低频生僻词汇
[ˈstændəd],star,0,n. & a. 标准（的）,🔴 低频生僻词汇
[stɑː(r)],stare,0,n. 星，恒星,🔴 低频生僻词汇
[steə(r)],start,0,vi. 盯，凝视,🔴 低频生僻词汇
[stɑːt],starvation,0,v. 开始，着手；出发,🔴 低频生僻词汇
[stɑːˈveɪʃ(ə)n],starve,0,n. 饥饿； 饿死,🔴 低频生僻词汇
[stɑːv],state,0,v. 饿死,🔴 低频生僻词汇
[steɪt],station,0,n. 状态； 情形；国家，（美国的）州,🔴 低频生僻词汇
[ˈsteɪʃ(ə)n],statement,0,n. 站，所，车站；电台,🔴 低频生僻词汇
[ˈsteɪtmənt],statesman/ woman (pl. statesmen/ women),0,n.声明，陈诉，说法,🔴 低频生僻词汇
[ˈsteɪtsmən],statistics,0,n. 政治家,🔴 低频生僻词汇
[stəˈtɪstɪks],statue,0,n. 统计数字，统计资料，统计学,🔴 低频生僻词汇
[ˈstætjuː],status,0,n. 法令，法规，章程,🔴 低频生僻词汇
[ˈsteɪtəs],stay,0,n. 法律地位（身份）,🔴 低频生僻词汇
[steɪ],steady,0,n.& vi. 停留，逗留，呆,🔴 低频生僻词汇
[ˈstedɪ],steak,0,a. 稳固的；平稳的,🔴 低频生僻词汇
[steɪk],"steal (stole, stolen)",0,n. 牛排，肉排，鱼排,🔴 低频生僻词汇
[stiːl],steam,0,"vt. 偷, 窃取",🔴 低频生僻词汇
[stiːm],steel,0,n. 汽，水蒸气,🔴 低频生僻词汇
[stiːl],steep,0,n. 钢，钢铁,🔴 低频生僻词汇
[stiːp],step,0,a. 险峻的； 陡峭的,🔴 低频生僻词汇
[step],step-mother,0,"n.脚步,台阶,梯级 vi.走,跨步",🔴 低频生僻词汇
[step-ˈmʌðə(r)],steward,0,n. 继母,🔴 低频生僻词汇
[ˈstjuːəd; (US) ˈstuːərd],stewardess,0,n. (火车、飞机、轮船等)男服务员；男乘务员,🔴 低频生僻词汇
"[stjuːəˈdes, ˈstjuːədɪs]","stick (stuck, stuck)",0,"n.女乘务员,空中小姐",🔴 低频生僻词汇
[stɪk],still,0,"vi. 粘住，钉住；坚持n. 木棒（棍）,枝条",🔴 低频生僻词汇
[stɪl],stocking,0,"a.不动的,平静的ad.仍然,还",🔴 低频生僻词汇
[ˈstɔkɪŋ],stomach,0,n. 长统袜,🔴 低频生僻词汇
[ˈstʌmək],stomachache,0,n. 胃，胃部,🔴 低频生僻词汇
[ˈstʌməkeɪk],stone,0,n. 胃疼,🔴 低频生僻词汇
[stəʊn],stop,0,n. 石头，石料,🔴 低频生僻词汇
[stɔp],stopwatch,0,n. 停；（停车）站 v. 停，停止，阻止,🔴 低频生僻词汇
[ˈstɔpwɔtʃ],storage,0,n. 记秒表；跑表,🔴 低频生僻词汇
[ˈstɔːrɪdʒ],store,0,n. 贮藏； 储存,🔴 低频生僻词汇
[stɔː(r)],storm,0,n. 商店 vt. 储藏，存储,🔴 低频生僻词汇
[stɔːm],story,0,n. 风暴，暴（风）雨,🔴 低频生僻词汇
[ˈstɔːrɪ],stout,0,n. 故事，小说,🔴 低频生僻词汇
[staʊt],stove,0,a. 肥壮的，厚实牢固的,🔴 低频生僻词汇
[stəʊv],straight,0,n. （供烹饪用的 ）火炉，煤炉，电炉,🔴 低频生僻词汇
[streɪt],straightforward,0,a. 一直的，直的 ad. 一直地，直地,🔴 低频生僻词汇
[streɪtˈfɔːwəd],strait,0,a./ ad. 简单的，坦率的,🔴 低频生僻词汇
[streɪt],strange,0,n. 海峡,🔴 低频生僻词汇
[streɪndʒ],stranger,0,"a. 奇怪,奇特的,陌生的",🔴 低频生僻词汇
[ˈstreɪndʒə(r)],straw,0,n. 陌生人，外人,🔴 低频生僻词汇
[strɔː],strawberry,0,n. 稻草,🔴 低频生僻词汇
[ˈstrɔːbərɪ; (US) -berɪ],stream,0,n. 草莓,🔴 低频生僻词汇
[striːm],street,0,n. 小河；溪流,🔴 低频生僻词汇
[striːt],strength,0,n. 街，街道,🔴 低频生僻词汇
[streŋθ],strengthen,0,n. 力量，力气,🔴 低频生僻词汇
[ˈstreŋθ(ə)n],stress,0,vt. 加强，增强,🔴 低频生僻词汇
[stres],strict,0,n. 精神压力，心理负担 v. 强调，重读,🔴 低频生僻词汇
[strɪkt],strike,0,a. 严格的，严密的,🔴 低频生僻词汇
[straɪk],"strike (struck, struck 或stricken)",0,"v.（钟）鸣;敲（响）,罢工",🔴 低频生僻词汇
[straɪk],string,0,"vt. 擦（打）火, 侵袭",🔴 低频生僻词汇
[strɪŋ],strong,0,n. 细绳，线，带,🔴 低频生僻词汇
[strɔŋ; (US) strɔːɡ],struggle,0,a. 强(壮)的；坚固的；强烈的；坚强的,🔴 低频生僻词汇
[ˈstrʌɡ(ə)l],stubborn,0,vi. 斗争,🔴 低频生僻词汇
[ˈstʌbən],student,0,a. 固执的，倔强的,🔴 低频生僻词汇
[ˈstjuːdənt],studio,0,n. 学生,🔴 低频生僻词汇
[ˈstjuːdɪəʊ],study,0,n. 工作室，演播室,🔴 低频生僻词汇
[ˈstʌdɪ],stupid,0,v. 学习；研究 n. 书房,🔴 低频生僻词汇
[ˈstjuːpɪd],style,0,a. 愚蠢的，笨的,🔴 低频生僻词汇
[staɪl],subject,0,n. 方式，作风，款式,🔴 低频生僻词汇
[ˈsʌbdʒɪkt],subjective,0,a. 隶属的；受支配的；易受…的；在…条件下 vt. 使隶属；使服从；使受到 n. 题目；主题；学科；主语；主体,🔴 低频生僻词汇
[səbˈdʒektɪv],submit,0,a. 主观的,🔴 低频生僻词汇
[səbˈmɪt],subscribe,0,v. 提交，呈递（文件，建议等）,🔴 低频生僻词汇
[səbˈskraɪb],substitute,0,"v.订阅,订购（报刊等）",🔴 低频生僻词汇
[ˈsʌbstɪtjuːt],subtraction,0,v. 代替，取代,🔴 低频生僻词汇
[səbˈtrɔkʃ(ə)n],succeed,0,n.（算数中的）减,🔴 低频生僻词汇
[səkˈsiːd],success,0,vi. 成功,🔴 低频生僻词汇
[səkˈses],successful,0,n. 成功,🔴 低频生僻词汇
[səkˈsesfʊl],such,0,"a. 成功的,有成就的",🔴 低频生僻词汇
[sʌtʃ],suck,0,ad. 那么 pron. （泛指）人，事物 a.这样的，那样的,🔴 低频生僻词汇
[sʌk],sudden,0,vt. 吸吮,🔴 低频生僻词汇
[ˈsʌd(ə)n],suffer,0,a. 突然的,🔴 低频生僻词汇
[ˈsʌfə(r)],suffering,0,vi. 受苦，遭受,🔴 低频生僻词汇
[ˈsʌfərɪŋ],sugar,0,n. 痛苦，苦难,🔴 低频生僻词汇
[ˈʃʊɡə(r)],suggest,0,n. 糖,🔴 低频生僻词汇
[səˈdʒest; (US) səɡˈdʒest],suggestion,0,vt. 建议，提议,🔴 低频生僻词汇
[səˈdʒestʃ(ə)n],suit,0,n. 建议,🔴 低频生僻词汇
"[suːt, sjuːt]",suite,0,vt. 适合 n.一套（衣服）,🔴 低频生僻词汇
[swiːt],suitable,0,n. 套间；组曲,🔴 低频生僻词汇
[ˈsjuːtəb(ə)l],suitcase,0,a. 合适的，适宜的,🔴 低频生僻词汇
[ˈsjuːtkeɪs],summary,0,"n.(旅行用)小提箱,衣箱",🔴 低频生僻词汇
[ˈsʌmərɪ],summer,0,n. 摘要，概要,🔴 低频生僻词汇
[ˈsʌmə(r)],sun,0,n. 夏天，夏季,🔴 低频生僻词汇
[sʌn],sunburnt,0,n. 太阳，阳光,🔴 低频生僻词汇
[ˈsʌnbɜːnt],Sunday,0,a. 晒黑的,🔴 低频生僻词汇
[ˈsʌndeɪ],sunglasses,0,n. 星期日,🔴 低频生僻词汇
[ˈsʌnɡlɑːsɪs],sunlight,0,n. 太阳眼镜，墨镜,🔴 低频生僻词汇
[ˈsʌnlaɪt],sunny,0,n. 日光，阳光,🔴 低频生僻词汇
[ˈsʌnɪ],sunrise,0,a. 晴朗的;阳光充足的,🔴 低频生僻词汇
[ˈsʌnraɪs],sunset,0,n. 黎明，拂晓,🔴 低频生僻词汇
[ˈsʌnset],sunshine,0,n. 日落(时分),🔴 低频生僻词汇
[ˈsʌnʃaɪn],super,0,n. 阳光,🔴 低频生僻词汇
"[ˈsuːpə(r), ˈsjuːpə(r)]",superb,0,a. 顶好的，超级的,🔴 低频生僻词汇
[suːˈpɜːb],superior,0,"a. 卓越的,质量极高的",🔴 低频生僻词汇
[suːˈpɪərɪə(r)],superman,0,a. 更胜一筹的 n. 上级，上司,🔴 低频生僻词汇
[ˈsuːpəman],supermarket,0,n. 超人,🔴 低频生僻词汇
[ˈsuːpəmɑːkɪt],supper,0,n. 超级市场,🔴 低频生僻词汇
[ˈsʌpə(r)],supply,0,n. 晚餐，晚饭,🔴 低频生僻词汇
[səˈplaɪ],support,0,vt.& n. 供给，供应,🔴 低频生僻词汇
[səˈpɔːt],suppose,0,vt.& n. 支持，赞助,🔴 低频生僻词汇
[səˈpəʊz],supreme,0,"vt. 猜想,假定,料想",🔴 低频生僻词汇
[suːˈpriːm],sure,0,"a.至高无上的,最高的",🔴 低频生僻词汇
"[ʃʊə(r), ʃɔː(r)]",surface,0,a. 确信，肯定 ad. (口语)的确，一定，当然,🔴 低频生僻词汇
[ˈsɜːfɪs],surgeon,0,n. 表面,🔴 低频生僻词汇
[ˈsɜːdʒ(ə)n],surplus,0,n. 外科医生,🔴 低频生僻词汇
[ˈsɜːpləs],surprise,0,n. 过剩，剩余,🔴 低频生僻词汇
[səˈpraɪz],surround,0,"vt. 使惊奇,使诧异 n. 惊奇,诧异",🔴 低频生僻词汇
[səˈraʊnd],surrounding,0,vt. 围绕；包围,🔴 低频生僻词汇
[səˈraʊndɪŋ],survival,0,a. 周围的,🔴 低频生僻词汇
[səˈvaɪv(ə)l],survive,0,n. 存活，幸存,🔴 低频生僻词汇
[səˈvaɪv],suspect,0,v.生存，存活，幸免于难,🔴 低频生僻词汇
[səˈspekt],suspension,0,n. 犯罪嫌疑人,🔴 低频生僻词汇
[səˈspenʃ(ə)n],swallow,0,"n.暂令停职,推迟,延期",🔴 低频生僻词汇
[ˈswɔləʊ],swap,0,vt. 吞下；咽下,🔴 低频生僻词汇
[swɔp],"swear (swore, sworn)",0,v. 交换（东西）,🔴 低频生僻词汇
[sweə(r)],sweat,0,"v.咒骂.,诅咒",🔴 低频生僻词汇
[swet],sweater,0,n. 汗，汗水,🔴 低频生僻词汇
[ˈswetə(r)],"sweep(swept,swept)",0,n. 厚运动衫，毛衣 ,🔴 低频生僻词汇
[swiːp],sweet,0,v. 扫除，扫,🔴 低频生僻词汇
[swiːt],"swell (swelled, swollen)",0,n.甜食;蜜饯;甜点;糖果;芳香a.甜的;新鲜的;可爱的;亲切的,🔴 低频生僻词汇
[swel],swift,0,v. 肿胀,🔴 低频生僻词汇
[swɪft],swim,0,a. 快的，迅速的,🔴 低频生僻词汇
[swɪm],"swim (swam, swum)",0,n. 游泳，游,🔴 低频生僻词汇
[swɪm],swimming,0,"vi. 游泳,游",🔴 低频生僻词汇
[ˈswɪmɪŋ],swimming pool,0,n. 游泳,🔴 低频生僻词汇
[ˈswɪmɪŋ puːl],swing,0,n. 游泳池,🔴 低频生僻词汇
[swɪŋ],Swiss,0,vt. 挥舞，摆动 n. 秋千,🔴 低频生僻词汇
[swɪŋ],Switzerland,0,a. 瑞士人的 n. 瑞士人,🔴 低频生僻词汇
[ˈswɪtsələnd],switch,0,* n. 瑞士,🔴 低频生僻词汇
[swɪtʃ],sword,0,"v./ n. 开关,转换,改变",🔴 低频生僻词汇
[sɔːd],symbol,0,n. 剑，刀,🔴 低频生僻词汇
[ˈsɪmb(ə)l],sympathy,0,n. 象征,🔴 低频生僻词汇
[ˈsɪmpəθɪ],symphony,0,n. 同情,🔴 低频生僻词汇
[ˈsɪmfənɪ],symptom,0,n. 交响乐,🔴 低频生僻词汇
[ˈsɪmfənɪ],system,0,n. 症状,🔴 低频生僻词汇
[ˈsɪstəm],systematic,0,n. 体系；系统,🔴 低频生僻词汇
[sɪstəˈmætɪk],table,0,"a.系统的,有条理的",🔴 低频生僻词汇
[ˈteɪb(ə)l],table tennis,0,n. 桌子，表格,🔴 低频生僻词汇
[ˈteɪb(ə)l ˈtenɪs],tablet,0,n. 乒乓球,🔴 低频生僻词汇
[],tail,0,n. 药片,🔴 低频生僻词汇
[teɪl],tailor,0,n. (动物的)尾巴,🔴 低频生僻词汇
[ˈteɪlə(r)],"take (took, taken)",0,n. 裁缝,🔴 低频生僻词汇
[teɪk],tale,0,vt. 拿；拿走；做；服用；乘坐；花费,🔴 低频生僻词汇
[teɪl],talent,0,"n. 故事, 传说",🔴 低频生僻词汇
[ˈtælənt],talk,0,n. 天才，天赋,🔴 低频生僻词汇
[tɔːk],tall,0,"n.& v.谈话,讲话,演讲,交谈",🔴 低频生僻词汇
[tɔːl],tank,0,a. 高的,🔴 低频生僻词汇
[tæŋk],tanker,0,n. 储水容量；坦克,🔴 低频生僻词汇
[ˈtæŋkə(r)],tap,0,n. 油船,🔴 低频生僻词汇
[tæp],tape,0,n. (自来水煤气等的)龙头,🔴 低频生僻词汇
[teɪp],tape recorder,0,n. 磁带；录音带,🔴 低频生僻词汇
[teɪp rɪˈkɔːdə(r)],target,0,n. 磁带录音机,🔴 低频生僻词汇
[ˈtɑːɡɪt],task,0,n./ v. 目标，把…作为攻击目标,🔴 低频生僻词汇
[tɑːsk; (US) tæsk],taste,0,"n. 任务, 工作",🔴 低频生僻词汇
[teɪst],tasteless,0,"n. 品尝, 尝味；味道 vt. 品尝, 尝味",🔴 低频生僻词汇
[ˈteɪstlɪs],tasty,0,a. 无滋味的,🔴 低频生僻词汇
[ˈteɪstɪ],tax,0,a. 味道好的,🔴 低频生僻词汇
[tæks],tax-free,0,n. 税，税款,🔴 低频生僻词汇
[tæks friː],taxi,0,免税的,🔴 低频生僻词汇
[ˈtæksɪ],taxipayer,0,n. 出租汽车,🔴 低频生僻词汇
[],tea,0,n. 纳税人,🔴 低频生僻词汇
[tiː],"teach(taught,taught)",0,n. 茶；茶叶 ,🔴 低频生僻词汇
[tiː],teacher,0,"v. 教书,教",🔴 低频生僻词汇
[ˈtiːtʃə(r)],team,0,n. 教师，教员,🔴 低频生僻词汇
[tiːm],teamwork,0,n. 队，组,🔴 低频生僻词汇
[ˈtiːmwɜːk],teapot,0,n. 合作，协同工作,🔴 低频生僻词汇
[ˈtiːpɔt],tear,0,n. 茶壶,🔴 低频生僻词汇
[teə(r)],tease,0,"n. 眼泪 v. 扯破, 撕开",🔴 低频生僻词汇
[tiːz],technical,0,v. 取笑，戏弄，寻开心,🔴 低频生僻词汇
[ˈteknɪk(ə)l],technique,0,a. 技术的，工艺的,🔴 低频生僻词汇
[ˈteknɪk(ə)l],technology,0,"n. 技术;技巧,方法",🔴 低频生僻词汇
[tekˈnɔlədʒɪ],teenager,0,n. 技术,🔴 低频生僻词汇
[ˈtiːneɪdʒə(r)],telegram,0,n.（13～19岁的）青少年，十几岁的少年,🔴 低频生僻词汇
[ˈtelɪɡræm],telegraph,0,n. 电报,🔴 低频生僻词汇
[ˈtelɪɡrɑːf; (US) -ɡræf],telephone,0,v. (拍) 电报,🔴 低频生僻词汇
[ˈtelɪɡrɑːf; (US) -ɡræf],telephone-booth / telephone-box,0,v. 打电话 n. 电话,🔴 低频生僻词汇
[],telescope,0,n. 公用电话间,🔴 低频生僻词汇
[ˈtelɪɡrɑːf; (US) -ɡræf],television,0,n. 望远镜,🔴 低频生僻词汇
[ˈtelɪɡrɑːf; (US) -ɡræf],"tell (told, told)",0,n. 电视,🔴 低频生僻词汇
[tel],temperature,0,"vt.告诉,讲述,吩咐",🔴 低频生僻词汇
[ˈtemprɪtʃə(r)],temple,0,n. 温度,🔴 低频生僻词汇
[ˈtemp(ə)l],temporary,0,n. 庙宇，寺院,🔴 低频生僻词汇
[ˈtempərərɪ],temptation,0,a. 短暂的，暂时的,🔴 低频生僻词汇
[tempˈteɪʃ(ə)n],tend,0,n. 引诱；诱惑,🔴 低频生僻词汇
[tend],tendency,0,v. 往往会，常常就，倾向，趋于,🔴 低频生僻词汇
[ˈtendənsɪ],tennis,0,n. 倾向，偏好，性情,🔴 低频生僻词汇
[ˈtenɪs],ten,0,n. 网球,🔴 低频生僻词汇
[ten],tense,0,num. 十,🔴 低频生僻词汇
[tens],tension,0,a. 心烦意乱的，紧张的,🔴 低频生僻词汇
[ˈtenʃ(ə)n],tent,0,n. 紧张局势，矛盾,🔴 低频生僻词汇
[tent],tentative,0,n. 帐篷,🔴 低频生僻词汇
[tent],term,0,a. 不确定的，踌躇的,🔴 低频生僻词汇
[tɜːm],terminal,0,n. 学期;术语;条款;项,🔴 低频生僻词汇
[tɜːm],terrible,0,a.(火车汽车飞机)终点站,🔴 低频生僻词汇
[ˈterɪb(ə)l],terrify,0,a. 可怕的；糟糕的,🔴 低频生僻词汇
[ˈterɪfaɪ],terror,0,vt. 使人感到恐怖,🔴 低频生僻词汇
[ˈterə(r)],test,0,n. 恐惧，惊恐,🔴 低频生僻词汇
[test],text,0,"vt.& n. 测试, 考查，试验",🔴 低频生僻词汇
[tekst],textbook,0,n. 文本，课文,🔴 低频生僻词汇
[],than,0,n. 课本，教科书,🔴 低频生僻词汇
"[ðen, ðæn]",thank,0,conj. 比,🔴 低频生僻词汇
[θæŋk],thankful,0,vt. 感谢，致谢，道谢 n. （复）感谢，谢意,🔴 低频生僻词汇
[ˈθæŋkfʊl],that,0,a. 感谢的，感激的,🔴 低频生僻词汇
[ðæt],the,0,a.& pron.那，那个 conj. 那，那个（引导宾语从句等）ad. 那么，那样,🔴 低频生僻词汇
"[ðə, ðɪ, ðiː]",theatre (美theater),0,"art. 这（那）个,这（那）些（用于特定人或物，序数词，最高级，专有名词，世上独一 无二事物前）",🔴 低频生僻词汇
[ˈθiətə],theft,0,n. 剧场，戏院,🔴 低频生僻词汇
[θeft],their,0,n. 盗窃案,🔴 低频生僻词汇
[ðeə(r)],theirs,0,"pron. 他(她,它)们的",🔴 低频生僻词汇
[ðeəz],them,0,"pron. 他（她,它）们的",🔴 低频生僻词汇
"[ð(ə)m, ðem]",theme,0,pron. 他/她/它们（宾格）,🔴 低频生僻词汇
[θiːm],themselves,0,n. 主题,🔴 低频生僻词汇
[ðəmˈselvz],then,0,pron.他/她/它们自己,🔴 低频生僻词汇
[ðen],theoretical,0,"ad. 当时,那时,然后,那么",🔴 低频生僻词汇
[θɪəˈretɪk(ə)l],theory,0,a. 理论的,🔴 低频生僻词汇
[θɪəˈretɪk(ə)l],there,0,n. 理论,🔴 低频生僻词汇
[ðeə(r)],therefore,0,"int. 那！你瞧（表示引起注意） n. 那里，那儿 ad. 在那里，往那里；（作引导词）表”存在""",🔴 低频生僻词汇
[ˈðeəfɔː(r)],thermos,0,ad. 因此，所以,🔴 低频生僻词汇
[ˈθɜːmɔs],these,0,n. 热水瓶,🔴 低频生僻词汇
[ˈθɜːmɔs],they,0,a. & pron. 这些,🔴 低频生僻词汇
[ðeɪ],thick,0,pron. 他（她）们；它们,🔴 低频生僻词汇
[θɪk],thief (复thieves),0,a. 厚的,🔴 低频生僻词汇
[θiːf],thin,0,"n. 窃贼, 小偷",🔴 低频生僻词汇
[θɪn],thing,0,a. 薄的；瘦的；稀的,🔴 低频生僻词汇
[θɪŋ],"think(thought, thought)",0,n. 东西；(复)物品，用品；事情，事件,🔴 低频生僻词汇
[θɪŋk],thinking,0,v. 想；认为；考虑,🔴 低频生僻词汇
[ˈθɪŋkɪŋ],third,0,n. 思索;见解;想法,🔴 低频生僻词汇
[θɜːd],thirst,0,num. 第三,🔴 低频生僻词汇
[θɜːd],thirsty,0,n. 渴； 口渴,🔴 低频生僻词汇
[ˈθɜːstɪ],thirteen,0,a. 渴,🔴 低频生僻词汇
[θɜːˈtiːn],thirty,0,num. 十三,🔴 低频生僻词汇
[ˈθɜːtɪ],this,0,num. 三十,🔴 低频生僻词汇
[ðɪs],thorough,0,a.& pron.这，这个,🔴 低频生僻词汇
[ˈθʌrə; (US) ˈθʌrəʊ],those,0,a. 彻底的,🔴 低频生僻词汇
[ðəʊz],though,0,a.& pron.那些,🔴 低频生僻词汇
[ðəʊ],thought,0,conj. 虽然，可是,🔴 低频生僻词汇
[θɔːt],thousand,0,"n. 思考,思想;念头",🔴 低频生僻词汇
[ˈθaʊzənd],thread,0,num. 千,🔴 低频生僻词汇
[θred],three,0,n. 线,🔴 低频生僻词汇
[θriː],thrill,0,num. 三,🔴 低频生僻词汇
[θrɪl],thriller,0,n./ v. 兴奋，激动,🔴 低频生僻词汇
[ˈθrɪlə(r)],throat,0,n. 惊险小说,🔴 低频生僻词汇
[θrəʊt],through,0,n. 喉咙,🔴 低频生僻词汇
[θruː],throughout,0,"prep.穿（通）过;从始至终 ad.穿(通)过;自始至终,全部",🔴 低频生僻词汇
[θruːˈaʊt],"throw(threw,thrown)",0,prep. 遍及，贯穿,🔴 低频生僻词汇
[θrəʊ],thunder,0,"v.投,掷,扔",🔴 低频生僻词汇
[ˈθʌndə(r)],thunderstorm,0,n.& v. 雷声，打雷,🔴 低频生僻词汇
[ˈθʌndəstɔːm],Thursday,0,n.雷电交加暴风雨,🔴 低频生僻词汇
[ˈθɜːzdeɪ],thus,0,n. 星期四,🔴 低频生僻词汇
[ðʌs],Tibet,0,ad. 这样；因而,🔴 低频生僻词汇
[tiˈbet],Tibeta,0,n. 西藏,🔴 低频生僻词汇
[tiˈbetən],tick,0,n. 西藏人；西藏语,🔴 低频生僻词汇
[tɪk],ticket,0,vt. 作记号,🔴 低频生僻词汇
[ˈtɪkɪt],tidy,0,n. 票；卷,🔴 低频生僻词汇
[ˈtɪkɪt],tie,0,a. 整洁的，干净的 vt. 弄整洁，弄干净,🔴 低频生僻词汇
[taɪ],tiger,0,vt. （用绳，线）系，拴，扎 n. 领带，绳子，结；关系,🔴 低频生僻词汇
[ˈtaɪɡə(r)],tight,0,n. 老虎,🔴 低频生僻词汇
[taɪt],till,0,a. 紧的,🔴 低频生僻词汇
[tɪl],time,0,"conj.& prep.直到,直到…为止",🔴 低频生僻词汇
[taɪm],timetable,0,"n. 时间;时期;钟点,次,回 vt.测定…的时间,记录…的时间",🔴 低频生僻词汇
[ˈtaɪmteɪb(ə)l],tin,0,n. （火车、公共汽车等）时间表；（学校）课表,🔴 低频生僻词汇
[tɪn],tiny,0,n. （英）罐头，听头,🔴 低频生僻词汇
[ˈtaɪnɪ],tip,0,"adj.  tinier, tiniest  a. 极小的，微小的",🔴 低频生僻词汇
[tɪp],tire,0,n.& v.顶端，尖端；告诫； 提示 (给)小费,🔴 低频生僻词汇
[ˈtaɪə(r)],tired,0,vi. 使疲劳,🔴 低频生僻词汇
[ˈtaɪəd],tiresomev,0,a. 疲劳的，累的,🔴 低频生僻词汇
[],tissue,0,a. 令人厌倦的,🔴 低频生僻词汇
"[ˈtɪʃuː, ˈtɪsjuː]",title,0,n. （人，动植物的）组织，纸巾,🔴 低频生僻词汇
"[ˈtɪʃuː, ˈtɪsjuː]",to,0,n. 标题，题目,🔴 低频生僻词汇
"[tʊ, tuː]",toast,0,prep. （动词不定式符号，无词义）；（表示接受动作的人或物）给；对，向，到；在…之前,🔴 低频生僻词汇
[təʊst],tobacco,0,v./ n. 烤,🔴 低频生僻词汇
[təʊst],today,0,n. 烟草，烟叶,🔴 低频生僻词汇
[təʊst],together,0,"ad.& n.今天;现在,当前",🔴 低频生僻词汇
[təʊst],toilet,0,ad. 一起，共同,🔴 低频生僻词汇
[ˈtɔɪlɪt],Tokyo,0,n. 厕所,🔴 低频生僻词汇
[ˈtəʊkjəʊ],tolerate,0,n. 东京,🔴 低频生僻词汇
[ˈtɔləreɪt],tomato,0,v. 容许，允许，忍受,🔴 低频生僻词汇
[təˈmɑːtəʊ; (US) təˈmeɪtəʊ],tomb,0,n. 西红柿，番茄,🔴 低频生僻词汇
[tuːm],tomorrow,0,n. 坟墓,🔴 低频生僻词汇
[təˈmɔrəʊ],ton,0,ad. & n.明天,🔴 低频生僻词汇
[təˈmɔrəʊ],tongue,0,n. （重量单位）吨,🔴 低频生僻词汇
[tʌŋ],tonight,0,n. 舌，舌头,🔴 低频生僻词汇
[təˈnaɪt],too,0,ad.& n. 今晚，今夜,🔴 低频生僻词汇
[təˈnaɪt],tool,0,"ad.也,还,又,太,过分,很,非常",🔴 低频生僻词汇
[tuːl],tooth (复 teeth),0,n. 工具，器具,🔴 低频生僻词汇
[tuːθ],toothache,0,n. 牙齿,🔴 低频生僻词汇
[ˈtuːθeɪk],toothbrush,0,n. 牙痛,🔴 低频生僻词汇
[ˈtuːθbrʌʃ],toothpaste,0,n. 牙刷,🔴 低频生僻词汇
[ˈtuːθpeɪst],top,0,n. 牙膏,🔴 低频生僻词汇
[tɔp],topic,0,"n. 顶部,（物体的）上面",🔴 低频生僻词汇
[ˈtɔpɪk],tortoise,0,n. 题目，话题,🔴 低频生僻词汇
[ˈtɔpɪk],total,0,n. 乌龟,🔴 低频生僻词汇
[ˈtəʊt(ə)l],totally,0,"a. 总数的;总括的;完全的,全然的 n.合计,总计 v.合计为",🔴 低频生僻词汇
[ˈtɔt(ə)lɪ],touch,0,ad. 总合地，完全地,🔴 低频生僻词汇
[tʌtʃ],tough,0,vt. 触摸，接触,🔴 低频生僻词汇
[ˈtɔt(ə)lɪ],tour,0,a. 坚硬的；结实的；棘手的，难解的,🔴 低频生僻词汇
[tʊə(r)],tourism,0,"n. 参观, 观光, 旅行",🔴 低频生僻词汇
[ˈtʊərɪz(ə)m],tourist,0,n. 旅游业；观光,🔴 低频生僻词汇
[ˈtʊərɪst],tournament,0,vn. 旅行者，观光者,🔴 低频生僻词汇
[ˈtʊənəmənt; (US) ˈtɜːrn-],toward(s),0,n. 锦标赛，联赛,🔴 低频生僻词汇
[təˈwɔːd],towel,0,prep. 向，朝，对于,🔴 低频生僻词汇
[ˈtaʊəl],tower,0,n. 毛巾,🔴 低频生僻词汇
[ˈtaʊə(r)],town,0,n. 塔,🔴 低频生僻词汇
[taʊn],toy,0,n. 城镇，城,🔴 低频生僻词汇
[tɔɪ],track,0,"n. 玩具, 玩物",🔴 低频生僻词汇
[træk],tractor,0,n. 轨道；田径,🔴 低频生僻词汇
[ˈtræktə(r)],trade,0,n. 拖拉机,🔴 低频生僻词汇
[treɪd],tradition,0,n.贸易 vt.用…进行交换,🔴 低频生僻词汇
[trəˈdɪʃ(ə)n],traditional,0,n. 传统，风俗,🔴 低频生僻词汇
[trəˈdɪʃ(ə)n],traffic,0,a. 传统的，风俗的,🔴 低频生僻词汇
[ˈtræfɪk],traffic lights,0,n. 交通，来往车辆,🔴 低频生僻词汇
[ˈtræfɪk laɪts],train,0,n.交通指挥灯红绿灯,🔴 低频生僻词汇
[treɪn],trainer,0,"n. 火车 v. 培训,训练",🔴 低频生僻词汇
[treɪˈnə(r)],training,0,n. 训练人；教练,🔴 低频生僻词汇
[ˈtreɪnɪŋ],tram,0,n. 培训,🔴 低频生僻词汇
[træm],transform,0,n. 有轨电车,🔴 低频生僻词汇
[trænsˈfɔːm],translate,0,"v.使改变形态,使改观",🔴 低频生僻词汇
[trænsˈleɪt],translation,0,vt. 翻译,🔴 低频生僻词汇
[trænsˈleɪʃ(ə)n],transparent,0,n. 翻译；译文,🔴 低频生僻词汇
[trænsˈpærənt],translator,0,a.透明的，清澈的,🔴 低频生僻词汇
[trænsˈleitə],transport,0,n. 翻译家，译者,🔴 低频生僻词汇
[trænsˈpɔːt],trap,0,n.& vt.运输,🔴 低频生僻词汇
[træp],travel,0,n. 陷阱 vt. 使陷入困境,🔴 低频生僻词汇
[ˈtræv(ə)l],traveler,0,n.& vi.旅行,🔴 低频生僻词汇
[ˈtrævələ(r)],treasure,0,n. 旅行者,🔴 低频生僻词汇
[ˈtreʒə(r)],treat,0,"n. 金银财宝, 财富",🔴 低频生僻词汇
[triːt],treatment,0,vt. 对待，看待,🔴 低频生僻词汇
[ˈtriːtmənt],tree,0,"n. 治疗,疗法",🔴 低频生僻词汇
[triː],tremble,0,n. 树,🔴 低频生僻词汇
[ˈtremb(ə)l],trend,0,v. 颤抖,🔴 低频生僻词汇
[trend],trial,0,n. 趋势，倾向，动态,🔴 低频生僻词汇
[ˈtraɪəl],triangle,0,n. 审判；试验；试用,🔴 低频生僻词汇
[ˈtraɪæŋɡ(ə)l],trick,0,n.& adj.三角形;三角形的,🔴 低频生僻词汇
[trɪk],trip,0,n. 诡计，把戏,🔴 低频生僻词汇
[trɪp],trolley-bus,0,n. 旅行，旅程,🔴 低频生僻词汇
[ˈtrɔlɪ- bʌs],trooping,0,n. 无轨电车,🔴 低频生僻词汇
[],troop,0,vi. 成群结队地走,🔴 低频生僻词汇
[truːp],trouble,0,n. 部队,🔴 低频生僻词汇
[ˈtrʌb(ə)l],troublesome,0,"vt. 使苦恼,使忧虑,使麻烦 n.问题,疾病,烦恼,麻烦",🔴 低频生僻词汇
[ˈtrʌb(ə)lsəm],trousers,0,"a.令人烦恼, 讨厌",🔴 低频生僻词汇
[ˈtraʊzəz],truck,0,n. 裤子，长裤,🔴 低频生僻词汇
[trʌk],true,0,"n. 卡车, 运货车；车皮 v. 装车；用货车运",🔴 低频生僻词汇
[truː],truly,0,a. 真的，真实的；忠诚的,🔴 低频生僻词汇
[ˈtruːlɪ],trunk,0,ad. 真正地，真实地,🔴 低频生僻词汇
[trʌŋk],trust,0,n. 树干；大箱子,🔴 低频生僻词汇
[trʌst],truth,0,vt. 相信，信任，信赖,🔴 低频生僻词汇
[truːθ],try,0,"n. 真理,事实,真相,实际",🔴 低频生僻词汇
[truːθ],T-shirt,0,v. 试，试图，努力,🔴 低频生僻词汇
[tiː- ʃɜːt],tube,0,n. T恤衫,🔴 低频生僻词汇
[tjuːb; (US) tuːb],tune,0,n. 管，管状物,🔴 低频生僻词汇
[tjuːn; (US) tuːn],Tuesday,0,n. 曲调，曲子,🔴 低频生僻词汇
[ˈtjuːzdeɪ],turkey,0,n. 星期二,🔴 低频生僻词汇
[ˈtɜːkɪ],turn,0,n. 火鸡,🔴 低频生僻词汇
[tɜːn],turning n,0,v. 旋转，翻转，转变，转弯 n. 轮流，（轮流的）顺序,🔴 低频生僻词汇
[ˈtɜːnɪŋ],tutor,0,. 拐弯处，拐角处,🔴 低频生僻词汇
[ˈtjuːtə(r)],TV(缩) = television,0,n. 家庭教师，私人教师，导师,🔴 低频生僻词汇
[‚tiːˈviː],twelfth,0,n. 电视机,🔴 低频生僻词汇
[twelfθ],twelve,0,num. 第十二,🔴 低频生僻词汇
[twelv],twentieth,0,num. 十二,🔴 低频生僻词汇
[],twenty,0,vnum.第二十,🔴 低频生僻词汇
[ˈtwentɪ],twenty-first,0,num. 二十,🔴 低频生僻词汇
[ˈtwentɪ- [fɜːst],twenty-one,0,num. 第二十一,🔴 低频生僻词汇
[ˈtwentɪ- wʌn],twice,0,num. 二十一,🔴 低频生僻词汇
[twaɪs],twin,0,ad. 两次；两倍,🔴 低频生僻词汇
[twɪst],twist,0,n. 双胞胎之一,🔴 低频生僻词汇
[twɪst],two,0,v./ n. 使弯曲，转动,🔴 低频生僻词汇
[tuː],type,0,num. 二,🔴 低频生僻词汇
[ˈtaɪp],typewriter,0,vt. 打字,🔴 低频生僻词汇
[ˈtaɪpraɪtə(r)],typical,0,n. 打字机,🔴 低频生僻词汇
[ˈtɪpɪk(ə)l],typhoon,0,a. 典型的，有代表性的，特有的,🔴 低频生僻词汇
[taɪˈfuːn],typist,0,n. 台风,🔴 低频生僻词汇
[ˈtaɪpɪst],tyre (美tire),0,n. 打字员,🔴 低频生僻词汇
[taɪə],ugly,0,n. 轮胎,🔴 低频生僻词汇
[ˈʌɡlɪ],U.K./ UK(缩) = United Kingdom,0,a. 丑陋的；难看的,🔴 低频生僻词汇
[juː ˈkeɪ],umbrella,0,n.英国，联合王国,🔴 低频生僻词汇
[ʌmˈbrelə],U.N./ UN(缩) = the United Nations,0,n. 雨伞,🔴 低频生僻词汇
[juː ˈən],unable,0,n. 联合国,🔴 低频生僻词汇
[juː ˈən],unbearable,0,a.不能的，不能胜任的,🔴 低频生僻词汇
[ʌnˈbeərəb(ə)l],unbelievable,0,"a.难耐得,无法接受的",🔴 低频生僻词汇
[ʌnbɪˈliːvəb(ə)l],uncertain,0,a.难以置信的,🔴 低频生僻词汇
[ˈsɜːt(ə)n],uncle,0,a.不确定的,🔴 低频生僻词汇
[ˈʌŋk(ə)l],uncomfortable,0,"n. 叔,伯,舅,姑夫,姨父",🔴 低频生僻词汇
[ʌnˈkʌmftəb(ə)l],unconditional,0,a. 令人不舒服的,🔴 低频生僻词汇
[ʌnkənˈdɪʃən(ə)l],unconscious,0,a.无条件，绝对的,🔴 低频生僻词汇
[ʌnˈkɔnʃəs],under,0,"a.昏迷,不省人事的",🔴 低频生僻词汇
[ˈʌndə(r)],underground,0,ad.& prep.在…下面，向…下面,🔴 低频生僻词汇
[ʌndəˈɡraʊnd],underline,0,a.地下的 n. 地铁,🔴 低频生僻词汇
[ʌndəˈlaɪn],"understand (understood, understood)",0,v. 在…下划线,🔴 低频生僻词汇
[ʌndəˈstænd],understanding,0,v. 懂得;明白;理解,🔴 低频生僻词汇
[ʌndəˈstændɪŋ],"undertake (undertook, undertaken)",0,n. 领会;理解,🔴 低频生僻词汇
[ʌndəˈteɪk],underwear,0,v. 承担，从事，负责,🔴 低频生僻词汇
[ˈʌndəweə(r)],undivided,0,n. 内衣,🔴 低频生僻词汇
[ʌndɪˈvaɪdɪd],undo,0,a. 没分开的；专一的； 专心的,🔴 低频生僻词汇
[ʌnˈduː],unemployment,0,v. 解开，松开,🔴 低频生僻词汇
[ʌnɪmˈplɔɪmənt],unfair,0,"n.失业,失业状态",🔴 低频生僻词汇
[ʌnˈfeə(r)],unfit,0,a. 不公平的，不公正的,🔴 低频生僻词汇
[ʌnˈfɪt],unfold,0,a. 不合宜的，不相宜的,🔴 低频生僻词汇
[ʌnˈfəʊld],unfortunate,0,vt. 展开，打开,🔴 低频生僻词汇
[ʌnˈfəʊld],unfortunately,0,a. 不幸的,🔴 低频生僻词汇
[ʌnˈfɔːtjʊnətlɪ],unhappy,0,ad. 不幸地,🔴 低频生僻词汇
[ʌnˈfɔːtjʊnətlɪ],unhealthy,0,"a. 不高兴的,伤心的",🔴 低频生僻词汇
[ʌnˈhelθɪ],uniform,0,"a.不健康的,不卫生的",🔴 低频生僻词汇
[ˈjuːnɪfɔːm],unimportant,0,n. 制服,🔴 低频生僻词汇
[ʌnɪmˈpɔːt(e)nt],union,0,"a.不重要的,无意义",🔴 低频生僻词汇
[ˈjuːnjən],unique,0,"n. 联合,联盟；工会",🔴 低频生僻词汇
[jʊˈniːk],unit,0,"a. 惟一的,独一无二的",🔴 低频生僻词汇
[ˈjuːnɪt],unite,0,n. 单元，单位,🔴 低频生僻词汇
[jʊˈnaɪt],universal,0,v. 联合，团结,🔴 低频生僻词汇
[juːnɪˈvɜːs(ə)l],universe,0,a. 普遍的，全体的,🔴 低频生僻词汇
[ˈjuːnɪvɜːs],university,0,n. 宇宙,🔴 低频生僻词汇
[juːnɪˈvɜːsɪtɪ],unknown,0,n. 大学,🔴 低频生僻词汇
[juːnɪˈvɜːsɪtɪ],unless,0,a. 不知道的,🔴 低频生僻词汇
[ʌnˈles],unlike,0,conj. 如果不，除非,🔴 低频生僻词汇
[ʌnˈlaɪk],unmarried,0,prep. 不像，和…不同,🔴 低频生僻词汇
[ʌnˈmærɪd],unpleasant,0,a. 未婚的，独身的,🔴 低频生僻词汇
[ʌnˈplez(ə)nt],unrest,0,a. 使人不愉快的,🔴 低频生僻词汇
[ʌnˈrest],unsafe,0,n. 不安；骚动,🔴 低频生僻词汇
[ʌnˈseɪf],unsuccessful,0,a. 不安全的；危险的,🔴 低频生僻词汇
[ʌnsəkˈsesfʊl],until,0,"a. 不成功,失败的",🔴 低频生僻词汇
[ʌnˈtɪl],untrue,0,prep.& conj.直到…为止,🔴 低频生僻词汇
[ʌnˈtruː],unusual,0,a. 不真实的，假的,🔴 低频生僻词汇
[ʌnˈjuːʒʊəl],unwilling,0,a. 不平常的，异常的,🔴 低频生僻词汇
[ʌnˈwɪlɪŋ],up,0,a. 不愿意的，勉强的,🔴 低频生僻词汇
[ʌp],upon,0,ad. 向上；在上方；起来；在…以上 a. 上面的，向上的，上行的 n. 上升；上坡；上行；繁荣 v. 举起；拿起；提高 prep. 向(高处)；向(在)……上(面)游,🔴 低频生僻词汇
[əˈpɔn],upper,0,prep. 在……上面,🔴 低频生僻词汇
[ˈʌpə(r)],upset,0,a. 较高的，较上的,🔴 低频生僻词汇
[ʌpˈset],upstairs,0,a. 心烦的，苦恼的,🔴 低频生僻词汇
[ʌpˈsteəz],upward,0,ad. 在楼上，到楼上,🔴 低频生僻词汇
[ˈʌpwəd],urban,0,ad. 向上；往上,🔴 低频生僻词汇
[ˈɜːbən],urge,0,a. 城市的，都市的,🔴 低频生僻词汇
[ɜːdʒ],urgent,0,v. 敦促，催促，力劝,🔴 低频生僻词汇
[ˈɜːdʒənt],U.S.A./USA(缩) = the United States of America,0,a. 紧急的，紧迫的,🔴 低频生僻词汇
[juː es ˈeɪ],use,0,n. 美国（美利坚合众国）,🔴 低频生僻词汇
[juːz],used,0,"n.& vt.利用,使用,应用",🔴 低频生僻词汇
[],useful,0,a. 用过的;旧的;二手的,🔴 低频生僻词汇
[ˈjuːsfʊl],useless,0,a. 有用的，有益的,🔴 低频生僻词汇
[ˈjuːslɪs],user,0,a. 无用的,🔴 低频生僻词汇
[ˈjuːzə],usual,0,n. 使用者；用户,🔴 低频生僻词汇
[ˈjuːʒʊəl],usually,0,a. 通常的，平常的,🔴 低频生僻词汇
[ˈjuːʒʊəlɪ],vacation,0,ad. 通常，经常,🔴 低频生僻词汇
[vəˈkeɪʃ(ə)n],vacant,0,n. 假期，休假,🔴 低频生僻词汇
[ˈveɪkənt],vague,0,a. 空缺的，未被占用的,🔴 低频生僻词汇
[veɪɡ],vain,0,a. 含糊的，紧迫的,🔴 低频生僻词汇
[veɪn],valid,0,n. 自负的，自视过高的，徒劳的，无效的,🔴 低频生僻词汇
[ˈvælɪd],valley,0,"a.有效的,合理的,有根据的",🔴 低频生僻词汇
[ˈvælɪ],valuable,0,"n. 山谷, 溪谷",🔴 低频生僻词汇
[ˈvæljʊəb(ə)l],value,0,a. 值钱的，贵重的,🔴 低频生僻词汇
[ˈvæljuː],vanilla,0,n. 价值，益处,🔴 低频生僻词汇
[vəˈnɪlə],variety,0,n. 香草,🔴 低频生僻词汇
[vəˈraɪətɪ],various,0,n. 种种，种类,🔴 低频生僻词汇
[ˈveərɪəs],vase,0,a. 各种各样的，不同的,🔴 低频生僻词汇
[vɑːz; (US) veɪs],vast,0,n. （花）瓶；瓶饰,🔴 低频生僻词汇
[vɑːst; (US) væst],VCD = versatile compact disk,0,a. 巨大的，广阔的,🔴 低频生僻词汇
[],veal,0,n. 影碟光盘,🔴 低频生僻词汇
[viːl],vegetable,0,n. （食用）小牛肉,🔴 低频生僻词汇
[ˈvedʒɪtəb(ə)l],vehicle,0,n. 蔬菜,🔴 低频生僻词汇
[ˈviːɪk(ə)l; (US) ˈviːhɪkl],version,0,n. 交通工具，车辆,🔴 低频生僻词汇
[ˈvɜːʃ(ə)n; (US) ˈvərʒn],vertical,0,n. 变体，变种，改写本,🔴 低频生僻词汇
[ˈvɜːtɪk(ə)l],very,0,a. 垂直的，纵向的,🔴 低频生僻词汇
[ˈverɪ],vest,0,vad. 很，非常,🔴 低频生僻词汇
[vest],via,0,n. 背心，内衣,🔴 低频生僻词汇
[ˈvaɪə],vice,0,prep. 经过（某地），通过,🔴 低频生僻词汇
[vaɪs],victim,0,n. 罪行，不道德行为,🔴 低频生僻词汇
[ˈvɪktɪm],victory,0,n. 受害者，牺牲品,🔴 低频生僻词汇
[ˈvɪktərɪ],video,0,n. 胜利,🔴 低频生僻词汇
[ˈvɪdɪəʊ],videophone,0,n. 录像，视频,🔴 低频生僻词汇
[ˈvidiəʊfəʊn],view,0,n. 可视电话,🔴 低频生僻词汇
[vjuː],viewer,0,"n. 看法,见解;风景,景色",🔴 低频生僻词汇
[ˈvjuːə(r)],village,0,n. 观看者,🔴 低频生僻词汇
[ˈvɪlɪdʒ],villager,0,n. 村庄，乡村,🔴 低频生僻词汇
[ˈvilidʒə],vinegar,0,n. 村民,🔴 低频生僻词汇
[ˈvilidʒə],violate,0,n. 醋,🔴 低频生僻词汇
[ˈvaɪəleɪt],violence,0,v. 违反（法律、协议等），侵犯,🔴 低频生僻词汇
[ˈvaɪələns],violent,0,n. 暴力行为,🔴 低频生僻词汇
[ˈvaɪələnt],violin,0,a. 暴力的,🔴 低频生僻词汇
[vaɪəˈlɪn],violinist,0,n. 小提琴,🔴 低频生僻词汇
[vaɪəˈlɪnɪst],virtue,0,n. 提琴家，提琴手,🔴 低频生僻词汇
[ˈvɜːtjuː],virus,0,"n. 美德,正直的品行,德行",🔴 低频生僻词汇
[ˈvaɪərəs],visa,0,n.病毒,🔴 低频生僻词汇
[ˈviːzə],visit,0,n. 签证，背签,🔴 低频生僻词汇
[ˈviːzə],visitor,0,n.& vt. 参观，访问，拜访,🔴 低频生僻词汇
[ˈvɪzɪtə(r)],visual,0,n. 访问者，参观者,🔴 低频生僻词汇
[ˈvɪʒjʊəl],vital,0,a. 视力的，视觉的,🔴 低频生僻词汇
[ˈvaɪt(ə)l],vivid,0,a. 必不可少的，对…极重要的,🔴 低频生僻词汇
[ˈvɪvɪd],vocabulary,0,a. 生动，逼真的，鲜明的,🔴 低频生僻词汇
[vəˈkæbjʊlərɪ],voice,0,"n. 词汇, 词汇表",🔴 低频生僻词汇
[vɔɪs],volcano,0,n. 说话声; 语态,🔴 低频生僻词汇
[vɔlˈkeɪnəʊ],volleyball,0,n. 火山,🔴 低频生僻词汇
[vɔlˈkeɪnəʊ],voluntary,0,n. 排球,🔴 低频生僻词汇
[ˈvɔləntərɪ],volunteer,0,a. 自愿的，主动的,🔴 低频生僻词汇
[vɔlənˈtɪə(r)],vote,0,n./ v. 义工，自愿者，无偿做,🔴 低频生僻词汇
[vəʊt],voyage,0,vi. 选举，投票,🔴 低频生僻词汇
[ˈvɔɪɪdʒ],wag,0,n. 航行，旅行,🔴 低频生僻词汇
[ˈvɔɪɪdʒ],wage,0,v. 摇动；摆动,🔴 低频生僻词汇
[weɪdʒ],waist,0,n. 工资，工钱，报酬,🔴 低频生僻词汇
[weɪst],wait,0,n. 腰，腰部，腰围,🔴 低频生僻词汇
[weɪt],waiter,0,vi. 等，等候,🔴 低频生僻词汇
[ˈweɪtə(r)],waiting -room,0,n. （餐厅）男服务员,🔴 低频生僻词汇
[ˈweɪtɪŋ- rʊm],waitress,0,"n.候诊室,候车室",🔴 低频生僻词汇
[tres],"wake (woke, woken)",0,n. 女服务员,🔴 低频生僻词汇
[weɪk],walk,0,"v.醒来,叫醒",🔴 低频生僻词汇
[wɔːk],walkman,0,n.& v. 步行；散步,🔴 低频生僻词汇
[ˈwɔːkmən],wall,0,n. 随身听,🔴 低频生僻词汇
[wɔːl],wallet,0,n. 墙,🔴 低频生僻词汇
[ˈwɔlɪt],walnut,0,"n. (放钱,证件等的)皮夹",🔴 低频生僻词汇
[ˈwɔːlnʌt],wander,0,n. 核桃，胡桃,🔴 低频生僻词汇
[ˈwɔndə(r)],want,0,"vi.漫游,游荡,漫步,流浪",🔴 低频生僻词汇
[wɔnt; (US) wɔːnt],war,0,"vt. 想,想要,需要,必要",🔴 低频生僻词汇
[wɔː(r)],ward,0,n. 战争,🔴 低频生僻词汇
[wɔːd],warehouse,0,"n. 保卫,看护,病房,收容所",🔴 低频生僻词汇
[ˈweəhaʊs],warm,0,n. 仓库，货栈,🔴 低频生僻词汇
[wɔːm],warm-hearted,0,"a. 暖和的,温暖的;热情的",🔴 低频生僻词汇
[wɔːm- hɑːt],warmth,0,a. 热心的,🔴 低频生僻词汇
[wɔːmθ],war,0,n. 暖和，温暖,🔴 低频生僻词汇
[wɔː(r)],warning,0,n vt. 警告，预先通知,🔴 低频生僻词汇
[ˈwɔːnɪŋ],wash,0,n. 警报,🔴 低频生僻词汇
[ˈwɔːnɪŋ],washing -machine,0,"n.洗(涤)冲洗,洗剂,泼溅,洗的衣服 v.洗(涤),冲洗,流过,弄湿",🔴 低频生僻词汇
[ˈwɔʃɪŋ- məˈʃiːn],washroom,0,n. 洗衣机,🔴 低频生僻词汇
"[ˈwɔʃrʊm, ˈwɔʃruːm]",waste,0,n. 盥洗室,🔴 低频生僻词汇
[weɪst],watch,0,n.& vt. 浪费,🔴 低频生僻词汇
[wɔtʃ],water,0,vt. 观看，注视；当心，注意 n. 手表，表,🔴 低频生僻词汇
[ˈwɔːtə(r)],watermelon,0,n. 水v. 浇水,🔴 低频生僻词汇
[ˈwɔːtəmelən],wave,0,n. 西瓜,🔴 低频生僻词汇
[weɪv],wax,0,n. （热、光、声等的）波，波浪 v. 挥手，挥动，波动,🔴 低频生僻词汇
[wæks],way,0,n. 蜡,🔴 低频生僻词汇
[weɪ],wayside,0,n. 路，路线；方式，手段,🔴 低频生僻词汇
[weɪ],we,0,a. 路边的,🔴 低频生僻词汇
"[wiː, wɪ]",web,0,pron. 我们,🔴 低频生僻词汇
[web],website,0,n. 网，网状物,🔴 低频生僻词汇
[websaɪt],weak,0,n. 网络,🔴 低频生僻词汇
[wiːk],weakness,0,a. 差的，弱的，淡的,🔴 低频生僻词汇
[ˈwiːknɪs],wealth,0,n. 软弱,🔴 低频生僻词汇
[welθ],wealthy,0,n. 财产，财富,🔴 低频生僻词汇
[ˈwelθɪ],"wear (wore, worn)",0,a. 富的,🔴 低频生僻词汇
[weə(r)],weather,0,v. 穿，戴,🔴 低频生僻词汇
[weə(r)],weatherman,0,n. 天气,🔴 低频生僻词汇
[ˈweath·er·man],wedding,0,"n.气象员,预报天气的人",🔴 低频生僻词汇
[ˈwedɪŋ],Wednesday,0,"n. 婚礼,结婚",🔴 低频生僻词汇
[ˈwenzdeɪ],weed,0,n. 星期三,🔴 低频生僻词汇
[wiːd],week,0,n. 杂草，野草,🔴 低频生僻词汇
[wiːk],weekday,0,n. 星期，周,🔴 低频生僻词汇
[ˈwiːkdeɪ],weekend,0,n. 平日,🔴 低频生僻词汇
"[wiːkˈend, ˈwiːkend]",weekly,0,n. 周末,🔴 低频生僻词汇
[ˈwiːklɪ],weep,0,a. 每周的,🔴 低频生僻词汇
[wiːp],weigh,0,v. 哭泣，流泪,🔴 低频生僻词汇
[weɪ],weight,0,vt. 称…的重量，重（若干）,🔴 低频生僻词汇
[weɪt],welcome,0,n. 重，重量,🔴 低频生僻词汇
[ˈwelkəm],welfare,0,int.n. & v.欢迎 a. 受欢迎的,🔴 低频生僻词汇
[ˈwelfeə(r)],well,0,n. 幸福，福利,🔴 低频生僻词汇
[wel],well-known,0,"(better, best) ad. 好,令人满意地,完全地 a.好的,,健康的int. 表示惊讶同意或犹豫等,亦用于接话语;好吧,那么,哎呀 n. 井",🔴 低频生僻词汇
[wel- nəʊn],west,0,"a.出名,众所周知的",🔴 低频生僻词汇
[west],western,0,"a. (在)西；向西,从西来的 ad. 在西方,向西方 n.西部；西方",🔴 低频生僻词汇
[ˈwest(ə)n],westerner,0,a. 西方的，西部的,🔴 低频生僻词汇
[ˈwestənə],westwards,0,n. 西方人,🔴 低频生僻词汇
[ˈwestwədz],wet,0,ad. 向西,🔴 低频生僻词汇
[wet],whale,0,"a. 湿的,潮的,多雨的",🔴 低频生僻词汇
[weɪl; (US) hweɪl],what,0,n. 鲸,🔴 低频生僻词汇
[wɔt; (US) hwɑt],whatever,0,"pron. 什么,怎么样 a. 多么，何等；什么",🔴 低频生僻词汇
[wɔtˈevə(r)],wheat,0,conj. & pron.无论什么，不管什么,🔴 低频生僻词汇
[wiːt; (US) hwiːt],wheel,0,n. 小麦,🔴 低频生僻词汇
[wiːl; (US) hwiːl],when,0,n. 轮，机轮,🔴 低频生僻词汇
[wen],whenever,0,conj. 当…的时候 ad. 什么时候，何时,🔴 低频生僻词汇
[wenˈevə(r)],where,0,conj. 每当，无论何时,🔴 低频生僻词汇
[weə(r); (US) hweər],wherever,0,ad. 在哪里；往哪里,🔴 低频生僻词汇
[weərˈevə(r)],whether,0,conj. 无论在哪里,🔴 低频生僻词汇
[ˈweðə(r); (US) ˈhweðər],which,0,conj. 是否,🔴 低频生僻词汇
[wɪtʃ; (US) hwɪtʃ],whichever,0,pron. 那(哪)一个；那(哪)一些 a.这(哪)个；这(哪)些；无论哪个(些),🔴 低频生僻词汇
[wɪtʃˈevə(r)],while,0,pron. 无论哪个;无论哪些,🔴 低频生僻词汇
[waɪl; (US) hwaɪl],whisper,0,"conj.在…的时候,和…同时 n. 一会儿，一段时间",🔴 低频生僻词汇
[ˈwɪspə(r)],whistle,0,v. 低语，私下说,🔴 低频生僻词汇
[waɪt; (US) hwaɪt],white,0,n. 口哨，口哨声,🔴 低频生僻词汇
[waɪt; (US) hwaɪt],who,0,a. 白色的 n. 白色,🔴 低频生僻词汇
[huː],whole,0,pron. 谁,🔴 低频生僻词汇
[həʊl],whom,0,a. 整个的,🔴 低频生僻词汇
[huːm],whose,0,pron. (who的宾格 ),🔴 低频生僻词汇
[huːz],why,0,pron. 谁的,🔴 低频生僻词汇
[waɪ; (US) hwaɪ],wide,0,"ad./ int. 为什么, 你难道不知道（表示反驳、不耐烦等）",🔴 低频生僻词汇
[weə(r); (US) hweər],widespread,0,a. 宽阔的,🔴 低频生僻词汇
"[ˈwaɪdspred, -ˈspred]",wife,0,"a.分布广的,普遍的",🔴 低频生僻词汇
[waɪf],wild,0,n. 妻子,🔴 低频生僻词汇
[waɪld],wildlife,0,a. 未开发的，荒凉的；野生的，野的,🔴 低频生僻词汇
[ˈwaɪldlaɪf],will,0,n. 野生动物,🔴 低频生僻词汇
[wɪl],will (would),0,"n. 意志, 遗嘱",🔴 低频生僻词汇
[wɪl],willing,0,"modal v. 将,会(表示将来)；愿意，要",🔴 低频生僻词汇
[ˈwɪlɪŋ],willingly,0,a. 乐意的； 愿意的,🔴 低频生僻词汇
[ˈwiliŋli],willingness,0,ad. 乐意地,🔴 低频生僻词汇
[ˈwiliŋnis],"win (won, won)",0,n. 意愿； 愿望,🔴 低频生僻词汇
[wɪn],wind,0,n. 获胜，赢得,🔴 低频生僻词汇
[wɪnd],"wind(wound,wound)",0,n. 风 ,🔴 低频生僻词汇
[wɪnd],windbreaker,0,vt. 缠，连带；蜿蜒，弯曲,🔴 低频生僻词汇
"[ˈwind,breikә]",window,0,"n.风衣,防风(皮)夹克",🔴 低频生僻词汇
[ˈwɪndəʊ],windy,0,n. 窗户；计算机的窗,🔴 低频生僻词汇
[ˈwɪndɪ],wine,0,a. 有风的，多风的,🔴 低频生僻词汇
[waɪn],wing,0,n. 酒,🔴 低频生僻词汇
[wɪŋ],winner,0,n. 机翼，翅膀,🔴 低频生僻词汇
[ˈwɪnə(r)],winter,0,n. 获胜者,🔴 低频生僻词汇
[ˈwɪntə(r)],wipe,0,n. 冬天，冬季,🔴 低频生僻词汇
[waɪp],wire,0,v. 擦；擦净；擦干,🔴 低频生僻词汇
[ˈwaɪə(r)],wisdom,0,n. 电线,🔴 低频生僻词汇
[ˈwɪzdəm],wise,0,n. 智慧,🔴 低频生僻词汇
[waɪz],wish,0,"a. 聪明,英明的,有见识的",🔴 低频生僻词汇
[wɪʃ],with,0,n. 愿望，祝愿 vt. 希望，想要，祝愿,🔴 低频生僻词汇
[wɪʃ],withdraw,0,"prep.关于,带有,以,和,用,有",🔴 低频生僻词汇
[wɪðˈdrɔː],within,0,v. 撤回，撤离,🔴 低频生僻词汇
[wɪˈðɪn],without,0,prep. 在……里面,🔴 低频生僻词汇
[wɪˈðaʊt],witness,0,prep. 没有,🔴 低频生僻词汇
[ˈwɪtnɪs],wolf（复wolves）,0,v./ n. 目击者，见证人,🔴 低频生僻词汇
[wʊlf],woman ( 复women),0,n. 狼,🔴 低频生僻词汇
[ˈwʊmən],wonder,0,n.妇女女人,🔴 低频生僻词汇
[ˈwʌndə(r)],wonderful,0,"v. 对…疑惑，感到惊奇,想知道 n. 惊讶,惊叹;奇迹",🔴 低频生僻词汇
[ˈwʌndəfʊl],wood,0,a. 美妙的，精彩的；了不起的；太好了,🔴 低频生僻词汇
[ˈwʌndəfʊl],wooden,0,"n.木头,木材,(复)树木,森林",🔴 低频生僻词汇
[ˈwʊd(ə)n],woo,0,a. 木制的,🔴 低频生僻词汇
[wʊl],woollen,0,l n. 羊毛，羊绒,🔴 低频生僻词汇
[ˈwulin],word,0,a. 羊毛的，羊毛制的,🔴 低频生僻词汇
[wɜːd],work,0,n. 词，单词；话,🔴 低频生僻词汇
[wɜːk],workday,0,"n. 工作,劳动,事情 vi. 工作;(机器、器官等)运转,活动",🔴 低频生僻词汇
[ˈwə:kdei],worker,0,n. 工作日,🔴 低频生僻词汇
[ˈwɜːkə(r)],workforce,0,n. 工人；工作者,🔴 低频生僻词汇
[ˈwə:kfɔ:s],workmate,0,n. 劳动力,🔴 低频生僻词汇
[ˈwə:kfɔ:s],workplace,0,n. 同事；工友,🔴 低频生僻词汇
[wɜːkpleɪs],works,0,n.工作场所，车间,🔴 低频生僻词汇
[wɜːks],world,0,n. 著作，作品,🔴 低频生僻词汇
[wɜːld],world-famous,0,n. 世界,🔴 低频生僻词汇
[wɜːld- ˈfeɪməs],worldwide,0,a. 世界闻名的,🔴 低频生僻词汇
"[ˈwɜːldwaɪd, -ˈwaɪd]",worm,0,a. 遍及全球的，世界范围的,🔴 低频生僻词汇
[wɜːm],worn,0,"n. 软体虫,蠕虫(尤指蚯蚓)",🔴 低频生僻词汇
[wɜrn /wɜːm],worried,0,"a. 用坏,用旧的,疲惫的",🔴 低频生僻词汇
[ˈwɜrɪd /ˈwʌ-],worry,0,a. 担心的，烦恼的,🔴 低频生僻词汇
[ˈwʌrɪ],worse,0,"n.& v.烦恼,担忧,发怒,困扰",🔴 低频生僻词汇
[wɜːs],worst,0,a. (bad的比较级)更坏的,🔴 低频生僻词汇
[wɜːst],worth,0,a. (bad的最高级)最坏的,🔴 低频生僻词汇
[wɜːθ],worthless,0,"a. 有…的价值,值得…的",🔴 低频生僻词汇
[ˈwɜːθlɪs],worthwhile,0,"a.没有价值,没有用的",🔴 低频生僻词汇
[wɜːθˈwaɪl],worthy,0,a. 值得做的,🔴 低频生僻词汇
[wɜːθˈwaɪl],would,0,a. 值得的,🔴 低频生僻词汇
"[wəd, wʊd]",wound,0,modal v.（will的过去时）将会，打算，想要，过去常常,🔴 低频生僻词汇
[wuːnd],wounded,0,"vt.伤,伤害 n.创伤,伤口",🔴 低频生僻词汇
[wuːndɪd],wrestle,0,a. 受伤的,🔴 低频生僻词汇
[ˈres(ə)l],wrinkle,0,v. 摔跤,🔴 低频生僻词汇
[ˈrɪŋk(ə)l],wrist,0,n. 皱纹,🔴 低频生僻词汇
[rɪst],write,0,n. 手腕，腕关节,🔴 低频生僻词汇
[raɪt],writing,0,"(wrote, written) v. 写，书写；写作，著述",🔴 低频生僻词汇
[raɪt],wrong,0,n. 书写，写,🔴 低频生僻词汇
[rɔŋ; (US) rɔːŋ],X-ray,0,"a.错误,不正常,有毛病的",🔴 低频生僻词汇
[eks-reɪ],yard,0,n. X射线；X光,🔴 低频生僻词汇
[jɑːd],yawn,0,n. 码；院子；场地,🔴 低频生僻词汇
[jɔːn],year,0,v. 打哈欠,🔴 低频生僻词汇
"[jɪə(r), jəː(r)]",yell,0,n. 年,🔴 低频生僻词汇
[jel],yellow,0,v. 叫喊，吼叫,🔴 低频生僻词汇
[ˈjeləʊ],yes,0,a. 黄色的,🔴 低频生僻词汇
[jes],yesterday,0,ad. 是，好，同意,🔴 低频生僻词汇
[ˈjestədeɪ],yet,0,n.& ad. 昨天,🔴 低频生僻词汇
[jet],yoghurt,0,ad. 尚，还，仍然,🔴 低频生僻词汇
"[ˈjɔgət,ˈjəʊ-]",you,0,n. 酸奶,🔴 低频生僻词汇
"[juː, jʊ]",young,0,pron. 你；你们,🔴 低频生僻词汇
[jʌŋ],your,0,a. 年轻的,🔴 低频生僻词汇
[jʌŋ],yours,0,pron. 你的；你们的,🔴 低频生僻词汇
"[jɔːz, jʊəz]",yourself,0,pron. 你的；你们的,🔴 低频生僻词汇
[jɔːˈself; (US) jʊərˈself],yourselves,0,pron. 你自己,🔴 低频生僻词汇
[jɔːˈself; (US) jʊərˈself],youth,0,pron. 你们自己,🔴 低频生僻词汇
[juːθ],yummy,0,n. 青春；青年,🔴 低频生僻词汇
[ˈjʌmɪ],zebra,0,a. 很好吃的,🔴 低频生僻词汇
"[ˈzebrə, ˈziːbrə]",zebra -crossing,0,n. 斑马,🔴 低频生僻词汇
[ˈzebrə-ˈkrɔsɪŋ],zero,0,人行横道线（斑马线）,🔴 低频生僻词汇
[ˈzɪərəʊ],zip,0,"n. & num.零,零度,零点",🔴 低频生僻词汇
[zɪp],zip code(美) =postcode,0,v.& n.拉开(或扣上)……的拉链；拉链,🔴 低频生僻词汇
[zɪp kəʊd],zipper,0,(英)邮政区号,🔴 低频生僻词汇
[ˈzɪpə(r)],zone,0,n. 拉链,🔴 低频生僻词汇
[zuː],zoo,0,n. 区域；范围,🔴 低频生僻词汇
[zuː],zoom,0,n. 动物园,🔴 低频生僻词汇
